cod_emple,dni,nombre,titulacion,experiencia,direccion
1,15005819,Carla Kruk,Tecnico Superior en Programacion,18,07 Lien Avenue
2,15941495,Antonio Ventosa Ucero,Tecnico Superior en Programacion,5,88 Fulton Drive
3,18322338,Juan Andrés Nasif,Tecnico Superior en Programacion,23,77262 Dayton Pass
4,27088772,Viviana Elda Gualdoni,Tecnico Superior en Programacion,16,33440 Corben Place
5,39952083,Rene Forsberg,Tecnico Superior en Programacion,3,4 Reindahl Crossing
6,38745803,Melina Sol Arcidiácono,Analista Universitario de Sistemas,5,42209 Maryland Hill
7,32310565,Fausto Fernando Quezada Llanos,Tecnico Superior en Programacion,2,0 Brentwood Center
8,37049293,Juliana Nair Tuma,Tecnico Superior en Programacion,11,17 Tennessee Way
9,18046902,Gonzalo Farias Castro,Tecnico Superior en Programacion,19,36951 East Court
10,28695356,Enrique Daniel Lanziano,Tecnico Superior en Programacion,18,61 Hovde Avenue
11,30922382,Leonardo Ernesto Cermelo,Tecnico Superior en Programacion,26,0387 Bultman Hill
12,36809973,Hector Leopoldo Carlos Silva Fernandez,Ingeniero en Sistemas de Informacion,20,8 2nd Way
13,35866682,Luis Grosembacher,Tecnico Superior en Programacion,3,0 Summit Pass
14,28169960,Agustina Ayelen Colabelli,Tecnico Superior en Programacion,4,60 Village Green Center
15,31928748,Fabricio Ariel Jure,Tecnico Superior en Programacion,17,01 Mifflin Place
16,26927795,Ricardo Leguizamon,Tecnico Superior en Programacion,26,01252 Bunker Hill Road
17,27861772,Natalia Andrea Rey,Analista Universitario de Sistemas,16,0224 Bobwhite Junction
18,21643916,Silvia Macchi,Analista Universitario de Sistemas,22,6444 Dawn Hill
19,31765173,Ricardo Botero Trujillo,Tecnico Superior en Programacion,23,0683 Reindahl Street
20,26488918,Belkis Lilisbel Alayón Marvez,Tecnico Superior en Programacion,14,30643 Gulseth Plaza
21,15630456,Lautaro Luque,Tecnico Superior en Programacion,7,0 Oak Lane
22,17986533,Natasha Fedosova,Tecnico Superior en Programacion,18,649 Melrose Point
23,28032597,Melina Gonzalez Prinz,Tecnico Superior en Programacion,5,9244 Fieldstone Pass
24,22900169,Javier Hernán Cuelli,Ingeniero en Sistemas de Informacion,24,55222 Green Ridge Center
25,35542097,Noelia Belén Gonzalez Riquelme,Tecnico Superior en Programacion,16,01 Morning Junction
26,17890768,Maximiliano Pellasio,Tecnico Superior en Programacion,22,830 Sutteridge Drive
27,26338055,Nicolás Gabriel De La Fuente Andrusiw,Tecnico Superior en Programacion,11,1083 Oak Trail
28,15556949,Virginia Laura Parisi,Tecnico Superior en Programacion,11,061 Golden Leaf Hill
29,16281499,Marcelo Anibal Carmona,Tecnico Superior en Programacion,29,09457 Esch Hill
30,28221654,Elena Fortunati,Analista Universitario de Sistemas,9,89825 Dapin Hill
31,19894997,Rodrigo Miguel Rojas Andrade,Tecnico Superior en Programacion,23,786 Hanson Hill
32,34750211,Uruguaysito Benavides Peralta,Tecnico Superior en Programacion,22,864 Bonner Terrace
33,30008478,Ariel José Coppoletta,Tecnico Superior en Programacion,28,3476 Westport Hill
34,35309028,Neil Ghani,Analista Universitario de Sistemas,1,23 Delladonna Circle
35,21478522,Mariela Angela Loiacono,Tecnico Superior en Programacion,27,0109 Pawling Pass
36,23404683,Caterina Guzman Verri,Ingeniero en Sistemas de Informacion,5,20429 Schurz Hill
37,21813898,Viviana Emilia Aguila,Tecnico Superior en Programacion,29,2 Butterfield Junction
38,18449716,Mariela Maganas,Tecnico Superior en Programacion,3,048 Hermina Lane
39,24619702,Juan Manuel Rivero,Tecnico Superior en Programacion,19,4 Haas Lane
40,23176473,Mario Andrés Franco,Tecnico Superior en Programacion,5,551 Marcy Street
41,32716224,Delfina Gallo Siliprandi,Tecnico Superior en Programacion,20,3 Westerfield Junction
42,34544116,Pablo Roig Garces,Analista Universitario de Sistemas,26,029 Continental Alley
43,39018432,Mary Marazita,Tecnico Superior en Programacion,0,02870 Gateway Pass
44,15139292,Nancy Noemi Ross,Tecnico Superior en Programacion,11,842 Golden Leaf Road
45,15053585,Lourdes Ortiz,Tecnico Superior en Programacion,15,06 Northridge Way
46,25343003,Micaela Cucco,Tecnico Superior en Programacion,0,274 Sycamore Way
47,22538156,Veronica Silvina Cesa,Tecnico Superior en Programacion,27,92388 Acker Drive
48,27005961,Natalia Trinidad Salizzi,Ingeniero en Sistemas de Informacion,23,3261 Corscot Parkway
49,25058695,Svenja Reinders,Tecnico Superior en Programacion,0,238 East Place
50,30784653,Andrea Pedrosa Harand,Tecnico Superior en Programacion,23,323 Hovde Point
51,37929387,Juan Jesús Bittar,Analista Universitario de Sistemas,10,502 Dorton Point
52,29068834,Marisa Lorena Carrera,Tecnico Superior en Programacion,6,29 Vernon Hill
53,28492422,Maximiliano Giustetti,Tecnico Superior en Programacion,6,19 Anniversary Trail
54,38182282,Silvia Natalí Arias Fernández,Analista Universitario de Sistemas,16,64 Eastlawn Avenue
55,27655735,Darío Italo Fernando Castro,Tecnico Superior en Programacion,26,028 Hudson Road
56,35304953,Alejandro Olivera,Tecnico Superior en Programacion,11,128 Amoth Crossing
57,22903541,Miguel Angel Vera,Tecnico Superior en Programacion,23,08526 Gateway Alley
58,23428419,María Claudia Villarreal,Ingeniero en Sistemas de Informacion,16,963 Delladonna Avenue
59,23302043,Jerónimo Pastor Lucero,Tecnico Superior en Programacion,21,6231 Memorial Road
60,19298056,María Florencia García Degano,Ingeniero en Sistemas de Informacion,13,505 Grasskamp Road
61,22560852,Adriana Acuña,Tecnico Superior en Programacion,9,9 East Point
62,38713792,Paulino Martinez Portela,Tecnico Superior en Programacion,7,43448 Corben Alley
63,25152568,Natalia Mercedes Ferriccioni Garabal,Tecnico Superior en Programacion,11,832 Grover Way
64,18451443,María Dulce Baztán,Tecnico Superior en Programacion,2,539 Center Parkway
65,16550186,Nicolas Guillermo Humphreys,Tecnico Superior en Programacion,0,56409 South Hill
66,22857098,Betsabé Aylén Tejerina,Analista Universitario de Sistemas,16,48 Forest Dale Way
67,19785715,Federico Martín Alconada Verzini,Tecnico Superior en Programacion,21,54 Di Loreto Terrace
68,23206966,Maria Dolores Avila,Analista Universitario de Sistemas,1,96604 Oak Crossing
69,22343926,Patricia Micaela Oyarzo,Tecnico Superior en Programacion,25,440 Towne Road
70,38537401,Alejandro Luis Sierra,Tecnico Superior en Programacion,29,82 Dwight Lane
71,29644573,Santiago Gabriel Hillebrand,Tecnico Superior en Programacion,0,8 Bay Plaza
72,33678146,Jorge Daniel Castro,Ingeniero en Sistemas de Informacion,5,1264 Parkside Lane
73,18626789,Giselle Carol Davidian,Tecnico Superior en Programacion,18,9 Packers Point
74,18799579,Maria Georgina Grunauer,Tecnico Superior en Programacion,5,59 Donald Center
75,17548662,Dalma Luciana Burgos,Tecnico Superior en Programacion,29,0560 Kipling Park
76,33831441,María Gracia Cornet,Tecnico Superior en Programacion,4,923 Twin Pines Lane
77,18835170,Angel Eduardo Casasola,Tecnico Superior en Programacion,8,5 Merrick Pass
78,36236300,Daniela Aceituno,Analista Universitario de Sistemas,0,86817 Roth Drive
79,37466793,Felipe Vaca Paniagua,Tecnico Superior en Programacion,5,525 Logan Circle
80,29774489,Marcelo Eduardo Domine,Tecnico Superior en Programacion,29,12 Kipling Court
81,26689508,Noelia Agostina Rodríguez,Tecnico Superior en Programacion,19,6 Nelson Junction
82,20864620,Larisa Pozo,Tecnico Superior en Programacion,1,33 Johnson Center
83,19928309,Carla Agustina Arjona,Tecnico Superior en Programacion,0,3 Vernon Plaza
84,39175874,Andrea Ercole,Ingeniero en Sistemas de Informacion,6,441 Kingsford Avenue
85,32527946,Bárbara Rebeca Pérez,Analista Universitario de Sistemas,24,692 Heffernan Parkway
86,32411908,Mayra Andrea Soledad Rubinich Queupán,Tecnico Superior en Programacion,10,9 Blackbird Junction
87,20219761,Carlos Rafael Ortega Soler,Tecnico Superior en Programacion,25,61465 Towne Pass
88,19571760,Mauro Gabriel Diamantino,Tecnico Superior en Programacion,6,128 Mcguire Lane
89,31580505,Robertodp Prieto,Tecnico Superior en Programacion,3,7577 Loeprich Alley
90,28196220,Marina Jiménez,Analista Universitario de Sistemas,26,51 Park Meadow Court
91,30028272,Sara Beatriz Del Rio,Tecnico Superior en Programacion,5,4225 Golden Leaf Place
92,37729428,Sofía Maite Gomez,Tecnico Superior en Programacion,14,7 Dixon Drive
93,27579478,Román Marcelo Glardón,Tecnico Superior en Programacion,7,33030 Tomscot Hill
94,38801921,Maria Jessica Silvero,Tecnico Superior en Programacion,13,600 Nobel Lane
95,27184048,Juliana Hipolito De Sousa,Tecnico Superior en Programacion,21,76602 Elka Hill
96,15126024,Sophia Heredia,Ingeniero en Sistemas de Informacion,17,231 Autumn Leaf Alley
97,19657972,Juan Manuel Oyarzun,Tecnico Superior en Programacion,9,83922 Utah Road
98,31248500,Susana Balcells,Tecnico Superior en Programacion,20,93329 Cody Circle
99,34050750,Gus Hancock,Tecnico Superior en Programacion,22,51707 Ronald Regan Parkway
100,17177418,Joaquin Salvador Pettinari,Tecnico Superior en Programacion,19,54 Kings Junction
101,18067153,María Eugenia Fracaro,Tecnico Superior en Programacion,10,47875 Ohio Lane
102,38620027,Michele Casula,Analista Universitario de Sistemas,8,84 Hoffman Street
103,22573460,Rachel Miranda Werneck,Tecnico Superior en Programacion,15,8 Ramsey Center
104,23234720,Lucas Fadda,Tecnico Superior en Programacion,23,23696 Katie Point
105,39320024,Anabella Marinozzi De Carlini,Tecnico Superior en Programacion,13,5 Dennis Circle
106,37350280,Nicolas Iogna Prat Genzel,Tecnico Superior en Programacion,9,65756 Fuller Alley
107,28654417,Isabelle Polaert,Tecnico Superior en Programacion,24,0 Summerview Crossing
108,27661918,Camila Lucía Rodríguez,Ingeniero en Sistemas de Informacion,9,94243 Harper Drive
109,17079815,Eduardo Miguel Garcia,Tecnico Superior en Programacion,12,3817 Pankratz Street
110,18007458,Germán Federico Mayer,Tecnico Superior en Programacion,0,0 Hintze Plaza
111,21147961,Beatriz Elena Cuenya,Tecnico Superior en Programacion,27,14868 Barby Plaza
112,33234252,Florencia Carla Feroleto,Tecnico Superior en Programacion,5,7 Schlimgen Street
113,34821317,Pablo Nicolás Hechim,Tecnico Superior en Programacion,5,8 Longview Avenue
114,27018313,Walter Mauricio Masson Juarez,Analista Universitario de Sistemas,0,32 Swallow Crossing
115,26749441,Erika Alexia Rolandelli,Tecnico Superior en Programacion,12,969 Forest Place
116,20904991,Marcia Nicolet Neumann,Ingeniero en Sistemas de Informacion,26,45810 Melby Alley
117,19575273,Nestor Fernando Abdala,Tecnico Superior en Programacion,24,7686 Maywood Park
118,35923891,Mario Dagrada,Tecnico Superior en Programacion,0,120 Shelley Hill
119,25279364,Graciela Venera Reta,Analista Universitario de Sistemas,28,39921 Towne Alley
120,35128643,Reinaldo Omar Martínez,Ingeniero en Sistemas de Informacion,11,38 School Circle
121,39993244,Elida Marianela Bobbio,Tecnico Superior en Programacion,5,8021 Fallview Parkway
122,38878567,Enrique Alberto Feijóo,Tecnico Superior en Programacion,26,277 Lakewood Alley
123,29314029,Rachid Outbib,Tecnico Superior en Programacion,10,5 Longview Point
124,20327306,Rosa Adriana Villegas,Tecnico Superior en Programacion,7,46 Bunting Park
125,39759256,María Susana Domizio,Tecnico Superior en Programacion,3,975 Monument Trail
126,20418410,Claudia Rita Maldonado,Analista Universitario de Sistemas,22,6066 Jackson Street
127,35545026,David Sigampa,Tecnico Superior en Programacion,28,9755 Gale Center
128,25579525,Mirta Beatriz Calatayud,Tecnico Superior en Programacion,11,683 Union Road
129,30791433,Desiré Judith Ruggeri,Tecnico Superior en Programacion,5,5251 Burrows Hill
130,26313536,Carlotta Sorba,Tecnico Superior en Programacion,19,97 Eggendart Way
131,33501432,Maria Julia Del Huerto Silva,Tecnico Superior en Programacion,8,2 Pawling Center
132,26705303,Ross Douglas Earle Macphee,Ingeniero en Sistemas de Informacion,7,9518 Schlimgen Pass
133,33722595,Mariana Elina Alva,Tecnico Superior en Programacion,21,086 Havey Court
134,23973166,Carlos Fritsch Yusta,Tecnico Superior en Programacion,9,6 Scofield Center
135,19261201,María Esperanza Almeida,Tecnico Superior en Programacion,23,73635 Pearson Way
136,36648713,Desirée Alejandra Leites,Analista Universitario de Sistemas,27,2768 Vera Alley
137,20232608,Angel Montero Carcaboso,Tecnico Superior en Programacion,18,47714 Mallard Trail
138,16855791,Marcelo Fabian Vaccaro,Analista Universitario de Sistemas,10,70 Division Point
139,24714672,George Albert Brook,Tecnico Superior en Programacion,18,52592 Victoria Lane
140,21880956,David Matezans Gomez,Tecnico Superior en Programacion,17,7 Mandrake Park
141,32760338,Catalina Ungaro,Tecnico Superior en Programacion,6,320 Everett Court
142,20916612,Camila Belén Sierra,Tecnico Superior en Programacion,18,4221 Talisman Lane
143,21330839,Karen Mailen Jaime,Tecnico Superior en Programacion,19,65 Almo Terrace
144,21248723,Luis Roberto Leon,Ingeniero en Sistemas de Informacion,4,4830 Service Hill
145,18393723,Fernanda Belén Sotomayor,Tecnico Superior en Programacion,16,53 Carpenter Lane
146,38360852,Yesica Andrea Antunez,Tecnico Superior en Programacion,7,98801 Summit Park
147,22068854,Francesca Marotta,Tecnico Superior en Programacion,10,73914 Vahlen Point
148,22803700,Alejandro Anibal Ciapetta,Tecnico Superior en Programacion,9,8 Menomonie Street
149,28856036,Vanesa Belen Depaoli,Tecnico Superior en Programacion,24,2 Fuller Way
150,15909309,Ana Belén Zacur,Analista Universitario de Sistemas,4,8 Grim Street
151,31618176,Ana Daniela Mansi,Tecnico Superior en Programacion,19,34886 Crowley Terrace
152,22521710,Alexis Pablo Cesan,Tecnico Superior en Programacion,21,1 Eggendart Court
153,39472320,Maria Alejandra Martha Durañona,Analista Universitario de Sistemas,11,63444 Jenifer Avenue
154,28105727,Jorge Nicolas Effel Robles,Tecnico Superior en Programacion,25,4791 3rd Street
155,18385115,Walter Horacio Barrios,Tecnico Superior en Programacion,24,4755 Clyde Gallagher Avenue
156,27927053,Sol Giovannoni,Ingeniero en Sistemas de Informacion,2,56 Carey Junction
157,37122121,Juan Matías Badcock,Tecnico Superior en Programacion,11,56 Center Junction
158,39861495,Masashi Mizokami,Tecnico Superior en Programacion,20,9186 Judy Way
159,37753898,Leandro Germán Andino,Tecnico Superior en Programacion,12,81946 Declaration Lane
160,37832664,Ana Belén García Cabral,Tecnico Superior en Programacion,24,2 Shopko Junction
161,23910182,Eugenia Andrea Fatima Campora,Tecnico Superior en Programacion,18,289 Bellgrove Parkway
162,18419518,Javier Agustín Pinto,Analista Universitario de Sistemas,16,92 Little Fleur Drive
163,19740846,Jesica Evelyn Davis,Tecnico Superior en Programacion,11,1043 Dottie Terrace
164,21470562,Matias Cimino,Tecnico Superior en Programacion,6,14619 Dayton Lane
165,33413464,David Morillón Gálvez,Tecnico Superior en Programacion,15,56428 Northfield Crossing
166,29777678,Ednan Joanni,Tecnico Superior en Programacion,9,791 Alpine Alley
167,15283009,Hector Renato Vargas Oyarzun,Tecnico Superior en Programacion,21,2 Brentwood Road
168,35786114,Isabel Montanez,Ingeniero en Sistemas de Informacion,8,16 Kipling Crossing
169,16626840,Yamila Raquel Sosa,Tecnico Superior en Programacion,2,930 Hoffman Trail
170,37747264,Julieta Verónica Olivo,Analista Universitario de Sistemas,12,93473 Butternut Crossing
171,33527352,Santiago Dario Larrateguy,Tecnico Superior en Programacion,18,6 Scoville Hill
172,37540906,María Eugenia Navarro,Tecnico Superior en Programacion,9,09861 Ridgeview Terrace
173,18970895,Kathleen Fabiola Hinojosa Vera,Tecnico Superior en Programacion,4,63 Farragut Court
174,37600259,Silvianoemi Herrera,Ingeniero en Sistemas de Informacion,0,6 Artisan Road
175,25458650,Agueda Alelí Caro  Petersen,Tecnico Superior en Programacion,6,60 Golf Course Hill
176,19335077,Lucas Ssebastian Fernandez,Tecnico Superior en Programacion,21,226 Anniversary Avenue
177,19164544,Norma Beatriz Oses,Tecnico Superior en Programacion,12,16 Springs Lane
178,15393392,Esteban Gabriel Moya,Tecnico Superior en Programacion,29,2 Scott Street
179,15979814,Hernan De Cicco,Tecnico Superior en Programacion,23,33467 Pennsylvania Crossing
180,34412943,Tamara Tarazaga,Ingeniero en Sistemas de Informacion,1,8138 Bartillon Place
181,29657599,Fernando Corrales Izquierdo,Tecnico Superior en Programacion,20,133 Gerald Hill
182,33409410,Alejandro Fabian Dandrea,Tecnico Superior en Programacion,21,4 Arkansas Terrace
183,36996477,Lubna Abou Assali,Tecnico Superior en Programacion,12,170 Dovetail Pass
184,18605542,Renato Dagnino,Tecnico Superior en Programacion,4,748 Judy Trail
185,38660985,Guillermo Gerardo Urrutia,Tecnico Superior en Programacion,15,4 Florence Point
186,23679541,Luis Daniel Recupido,Analista Universitario de Sistemas,12,935 Scott Way
187,37457347,Flavio Ariel Gueler,Analista Universitario de Sistemas,7,93 Algoma Lane
188,20929887,Juan Ignacio Maldonado,Tecnico Superior en Programacion,12,82232 Reinke Lane
189,21172548,Paula Hermida,Tecnico Superior en Programacion,5,333 Ruskin Drive
190,17433151,Denise Acosta,Tecnico Superior en Programacion,25,6 Hooker Circle
191,39625527,Hector Fernandez,Tecnico Superior en Programacion,5,36106 Donald Circle
192,36169522,Karina Juana Ponce,Ingeniero en Sistemas de Informacion,6,1 Pawling Plaza
193,30589068,Nicolas Grappasonno,Tecnico Superior en Programacion,11,32 Longview Center
194,28127166,Daniel Fuentes,Tecnico Superior en Programacion,2,79 Vera Avenue
195,38694191,Ayelén Micaela Gómez Mendoza,Tecnico Superior en Programacion,3,361 Lien Parkway
196,19854529,Claudia Elena Exeni,Tecnico Superior en Programacion,1,6 Butternut Alley
197,39991179,Luiciana Aiello,Tecnico Superior en Programacion,3,081 4th Trail
198,30854167,Nora Lucía Iznardo,Analista Universitario de Sistemas,15,49505 Talmadge Plaza
199,25471630,Nilthon Emerson Zavaleta Gutierrez,Tecnico Superior en Programacion,7,6 Rutledge Street
200,35354657,Nicolás Barrero,Tecnico Superior en Programacion,6,485 Derek Lane
201,38956764,Maria Piuque Ceppi,Tecnico Superior en Programacion,21,1246 Oakridge Place
202,23363854,Daniela Fernanda Gonzalez,Tecnico Superior en Programacion,25,92052 Ryan Crossing
203,21781892,Camilla Dos Santos Nogueira,Tecnico Superior en Programacion,11,18 Swallow Hill
204,39456188,Rubén Adrián Gauto,Ingeniero en Sistemas de Informacion,7,7 Milwaukee Trail
205,38588482,Silvia Inés Braumuller,Tecnico Superior en Programacion,12,7 Spohn Way
206,31795445,Mario Panizza,Tecnico Superior en Programacion,2,09 Hanson Place
207,25958698,Mauricio Martin Moya Helguera,Tecnico Superior en Programacion,27,24 Union Place
208,29405328,Pedro Samuel Diaz,Tecnico Superior en Programacion,9,12 Nancy Street
209,29979141,Alberto Daniel Gimenez Conca,Tecnico Superior en Programacion,7,3880 Hanson Lane
210,29465905,Natali Ailen Encina Pizarro,Analista Universitario de Sistemas,14,75 Manitowish Circle
211,28465621,Jerónimo Brizuela,Tecnico Superior en Programacion,9,75595 Fuller Place
212,36580405,Roberto Emanuel Ontivero,Tecnico Superior en Programacion,17,968 Holmberg Plaza
213,35593310,Ana Ines Varela Ranwez,Tecnico Superior en Programacion,12,2 Barnett Alley
214,38054300,Marcelo Javier Lizondo,Tecnico Superior en Programacion,3,77 Dovetail Hill
215,38541537,Lucas Emiliano Araujo,Tecnico Superior en Programacion,28,26422 Northridge Lane
216,33368209,Maria Silvana Nazar,Ingeniero en Sistemas de Informacion,7,9 Burrows Park
217,39925595,Manfred Konrad,Tecnico Superior en Programacion,15,073 Pond Parkway
218,30628355,Pablo Torijano Morales,Tecnico Superior en Programacion,11,6 Mcbride Trail
219,38505778,Yazmine Nayibe Chaiben,Tecnico Superior en Programacion,24,2 Forest Run Terrace
220,24393925,Cecilia Curvale,Tecnico Superior en Programacion,6,9606 Lawn Alley
221,38606216,Maria Mercedes Chiappe,Analista Universitario de Sistemas,4,292 Texas Park
222,25187112,María Fernanda Rodella,Analista Universitario de Sistemas,16,32 8th Terrace
223,24140114,Maria Fernanda Alzugaray Gastellu,Tecnico Superior en Programacion,6,8763 Esch Street
224,36891705,David Morillón Galvez,Tecnico Superior en Programacion,4,14065 Briar Crest Crossing
225,24481046,Fernando Primo Forgioni,Tecnico Superior en Programacion,13,89 Crescent Oaks Lane
226,32943797,Luis Ignacio Tripoli,Tecnico Superior en Programacion,5,83549 Russell Park
227,30625812,Pablo Ariel Cazabat,Tecnico Superior en Programacion,11,133 Melrose Lane
228,17692872,Franco David Robles,Ingeniero en Sistemas de Informacion,13,84 Donald Avenue
229,24119036,Pia Soledad Benitez,Tecnico Superior en Programacion,18,12161 Eastwood Circle
230,26807232,Cintia Virginia Del Rosario Nuñez,Tecnico Superior en Programacion,1,35 Lindbergh Plaza
231,25690085,Lara Sofia Peñalba,Tecnico Superior en Programacion,4,1968 Coleman Alley
232,36803017,Andrea Fabiana Maciel,Ingeniero en Sistemas de Informacion,5,55 Monument Point
233,19205029,Sebastián Ramón Mazzilli Vanzini,Tecnico Superior en Programacion,14,9 Oxford Circle
234,21600727,Sofia Belen Caballero,Analista Universitario de Sistemas,21,0 Maryland Plaza
235,34959044,Lucas Hernán Morales,Tecnico Superior en Programacion,29,16 Buell Center
236,17162869,Pablo Ariel Amendolara,Tecnico Superior en Programacion,17,45761 Dawn Center
237,22280095,John Clague,Tecnico Superior en Programacion,21,02583 Russell Center
238,21734775,Roberto Matias Alvarez,Analista Universitario de Sistemas,10,0 Mosinee Avenue
239,35451271,Matías Ezequiel Callara,Tecnico Superior en Programacion,24,38 Bartillon Trail
240,27704729,Mauro Nicolas Canales,Ingeniero en Sistemas de Informacion,27,705 Ruskin Alley
241,34166518,Hernan Pajon,Tecnico Superior en Programacion,19,0937 Kenwood Plaza
242,37398560,Maximiliano Jesus Fernandez,Tecnico Superior en Programacion,18,19091 Kinsman Point
243,19700638,Maria Emilia Peña Pollastri,Tecnico Superior en Programacion,20,056 Starling Place
244,28269566,Enzo Elian Martinez,Tecnico Superior en Programacion,9,6649 Nancy Plaza
245,38723957,Renata Bisio,Tecnico Superior en Programacion,14,8 Ryan Junction
246,32383257,Julio Nicolás Pedrido,Analista Universitario de Sistemas,2,50010 Jenna Lane
247,26836013,Jorge Daniel Sabella Rosa,Tecnico Superior en Programacion,27,38 Summit Center
248,37640895,Jacqueline Susana Gonzalez,Tecnico Superior en Programacion,20,7 Nelson Pass
249,16384751,Jan Karlsson,Tecnico Superior en Programacion,3,551 Heath Point
250,25921821,Damián Darío Rotzen,Tecnico Superior en Programacion,3,09307 Redwing Plaza
251,20550991,Gonzalo Giribet,Tecnico Superior en Programacion,14,94244 Roxbury Park
252,25938361,Claudia Gabriela Roa,Ingeniero en Sistemas de Informacion,24,935 Grim Parkway
253,36382024,Paul Johan Oberholster,Tecnico Superior en Programacion,24,8164 Colorado Terrace
254,24552362,Daniel Raúl Grinberg Vaisman,Tecnico Superior en Programacion,1,96 Saint Paul Crossing
255,32482497,Melina Lujan Duarte,Analista Universitario de Sistemas,25,0155 Forest Way
256,33701886,Daniel Sosa Gomez,Tecnico Superior en Programacion,18,9408 Derek Terrace
257,16195868,Maria Celeste Trejo,Tecnico Superior en Programacion,26,51701 Red Cloud Plaza
258,39695540,Nao Nishida,Analista Universitario de Sistemas,24,73345 Scoville Place
259,28785189,Elizabeth Liendro,Tecnico Superior en Programacion,9,36 Shasta Court
260,36535266,Carlos Fernández,Tecnico Superior en Programacion,10,9032 Warbler Lane
261,27995336,Gerardo Silvatici,Tecnico Superior en Programacion,22,8 Kennedy Avenue
262,35463051,Hugo Alejandro Visaguirre,Tecnico Superior en Programacion,8,831 Clove Center
263,27275431,Alexey Solodovnikov,Tecnico Superior en Programacion,6,067 Brown Lane
264,30256282,Ricardo Enrique Juarez,Ingeniero en Sistemas de Informacion,2,1468 Express Hill
265,20208494,Susana Pereyra,Tecnico Superior en Programacion,18,56719 Macpherson Place
266,33737464,Constanza Paz Figueroa Bravo,Tecnico Superior en Programacion,28,2421 Sunnyside Terrace
267,39777504,Paula Maria Diez,Tecnico Superior en Programacion,19,9 High Crossing Way
268,38077647,Eliana Elisabet Vergara,Tecnico Superior en Programacion,10,4074 Stephen Point
269,19973340,Sanchez Pablo Omar,Tecnico Superior en Programacion,0,1 Lakeland Plaza
270,24207334,Gisela Florencia Del Valle Diaz,Analista Universitario de Sistemas,3,210 Vera Way
271,15162830,Luis Antonio Guadalajara,Tecnico Superior en Programacion,23,6 Marquette Avenue
272,18094903,Felipe Gobello,Analista Universitario de Sistemas,20,373 Bunting Circle
273,38059952,Claudia Marina Fried,Tecnico Superior en Programacion,25,969 Golf Course Center
274,28852461,Emiliano Damián Churruca,Tecnico Superior en Programacion,23,19118 Truax Center
275,35265475,Valeria Emilce Qualina,Tecnico Superior en Programacion,9,4 Riverside Parkway
276,18029590,Magalí Stoyanoff,Ingeniero en Sistemas de Informacion,24,795 Donald Junction
277,31391698,Maria Ines Rodriguez,Tecnico Superior en Programacion,27,6549 Rowland Point
278,39165646,Josep Maria Gasol,Tecnico Superior en Programacion,11,986 Hermina Way
279,35896828,Cristina Pilot,Tecnico Superior en Programacion,9,90 Canary Hill
280,29582073,Angelo Gonzalo Muckenhein,Tecnico Superior en Programacion,15,29 Green Ridge Avenue
281,38148247,Paula Cristina Vilas,Tecnico Superior en Programacion,24,996 Kropf Terrace
282,36238001,Rocio Del Valle Icazatti,Analista Universitario de Sistemas,14,19 Lyons Trail
283,36491587,Yanina Panzera,Tecnico Superior en Programacion,20,1756 Donald Point
284,20745944,Silvia Lilana Guitart,Tecnico Superior en Programacion,1,62185 Rutledge Place
285,32620924,Isabella Esposito,Tecnico Superior en Programacion,15,94137 Graceland Road
286,25104846,María Alejandra Carrasco,Tecnico Superior en Programacion,26,66 Kropf Alley
287,30679688,Xavier De Donato Rodriguez,Tecnico Superior en Programacion,22,74 Prairieview Avenue
288,25482452,Noelia Paola Natalia Cardozo,Ingeniero en Sistemas de Informacion,5,5842 Vera Terrace
289,24369723,Osvaldo Javier Martinez,Analista Universitario de Sistemas,5,660 Eagle Crest Hill
290,18294752,Karina Mariana Esposito,Ingeniero en Sistemas de Informacion,12,549 Everett Road
291,37964596,Carolina Chirino,Tecnico Superior en Programacion,12,9 Northfield Way
292,20154820,Valeria Griselda Fiodorov,Tecnico Superior en Programacion,24,12503 Stephen Street
293,22746235,Juan Antonio Carmona,Tecnico Superior en Programacion,14,28138 Upham Plaza
294,27922758,Alejandro Daniel Falco,Analista Universitario de Sistemas,13,0266 Utah Point
295,25754734,Ana Paula Salles Moura Fernandes,Tecnico Superior en Programacion,5,9 High Crossing Center
296,21488363,Romualdo Montes,Tecnico Superior en Programacion,8,3380 Luster Junction
297,39903906,Sergio Fernando Carreras,Tecnico Superior en Programacion,18,05724 Nelson Point
298,18022984,Hugo Daniel Barrionuevo,Tecnico Superior en Programacion,4,097 Scofield Plaza
299,26699165,Manuel Blanco Abadi,Tecnico Superior en Programacion,26,1 Hintze Avenue
300,33135387,Guowei Yin,Ingeniero en Sistemas de Informacion,21,92 Pond Way
301,35442100,Marcio Pimentel,Tecnico Superior en Programacion,24,17 Debs Plaza
302,17883960,Carim Fadil,Tecnico Superior en Programacion,25,427 Fordem Road
303,35179918,Marta Inés Ontivero,Tecnico Superior en Programacion,7,60582 Bellgrove Way
304,27197028,Hernán Dario Gambuzza,Tecnico Superior en Programacion,14,9 Karstens Lane
305,18502355,Maria Emilia Cuenca Westtein,Tecnico Superior en Programacion,11,4696 Kenwood Court
306,26996553,Juan Manuel Irusta,Analista Universitario de Sistemas,27,022 Rutledge Way
307,20298364,Yenhy Karina Zabel,Tecnico Superior en Programacion,16,1080 Manitowish Pass
308,15851208,Willi Pabst,Tecnico Superior en Programacion,3,1 Meadow Ridge Pass
309,38872165,Héctor César Zalazar,Tecnico Superior en Programacion,22,7386 Park Meadow Alley
310,18487456,Ariel Adrian Sadran,Tecnico Superior en Programacion,12,41 Forster Court
311,16200350,Mariela Claudia González,Tecnico Superior en Programacion,18,06 Loomis Way
312,31019112,Manuela Maria Bullo,Ingeniero en Sistemas de Informacion,27,830 Logan Parkway
313,24596259,Ruben Ignacio Zurbriggen,Tecnico Superior en Programacion,1,719 Corry Road
314,39204138,Josefina Sánchez Díaz Maciel,Tecnico Superior en Programacion,19,75 Browning Drive
315,19980725,Gabriela Paniz,Tecnico Superior en Programacion,24,77 Boyd Court
316,21717158,Norma Eliana Soledad Medina,Tecnico Superior en Programacion,28,7 Stephen Avenue
317,16618411,Christian Brian Garcete,Tecnico Superior en Programacion,20,59 Nevada Circle
318,15812682,Miguel Angel Muñiz,Analista Universitario de Sistemas,0,4959 Mccormick Drive
319,30593658,Andre Skirtach,Tecnico Superior en Programacion,19,6 Melby Hill
320,22569059,Sabrina Xoana Cruz Introini,Tecnico Superior en Programacion,9,0181 Kipling Alley
321,25547341,Federico Kochendoerfer,Tecnico Superior en Programacion,21,832 Kingsford Place
322,37430097,Rubens Sampaio Filho,Tecnico Superior en Programacion,10,845 Memorial Terrace
323,20765512,Javier Hamet Blanco,Analista Universitario de Sistemas,19,18433 Esch Center
324,22989760,Stevens Kastrup Rehen Kastup Rehen,Ingeniero en Sistemas de Informacion,5,7453 Village Green Point
325,17610762,Gustavo Carlos Balante,Tecnico Superior en Programacion,14,71 Pepper Wood Crossing
326,21548512,Laura Dragonetti,Tecnico Superior en Programacion,28,2 Sauthoff Junction
327,33448496,Mauricio Rincón Ortiz,Tecnico Superior en Programacion,18,7739 Twin Pines Road
328,21307430,Nadia Krieger,Tecnico Superior en Programacion,27,857 Stone Corner Road
329,26352058,Ignacio De La Fuente,Tecnico Superior en Programacion,27,23608 Ridgeway Park
330,20729062,Sergio Fernando Llanos,Analista Universitario de Sistemas,16,45477 Menomonie Place
331,39574022,Mirta Del Carmen Urueña,Tecnico Superior en Programacion,1,21239 Ronald Regan Street
332,29025934,Iván Nicolás Balducci,Tecnico Superior en Programacion,4,429 Kinsman Court
333,35652858,Daniela Gunilla,Tecnico Superior en Programacion,25,6570 Forest Dale Point
334,26448761,Marcela Gene,Tecnico Superior en Programacion,14,0508 Thackeray Street
335,26255122,Daniel Alberto Sánchez,Tecnico Superior en Programacion,28,36 Fisk Pass
336,17232078,Christian Nozieres,Ingeniero en Sistemas de Informacion,5,84 Kipling Parkway
337,23122427,Nadia Daniela Incaurgarat,Tecnico Superior en Programacion,17,6 Carey Court
338,26930257,Facundo Fernandez,Tecnico Superior en Programacion,8,2511 Melvin Plaza
339,35754507,Grant Ritchie,Tecnico Superior en Programacion,15,6 Oak Junction
340,36730456,Marta Alejandra Dorra Suden,Analista Universitario de Sistemas,5,807 Lakewood Gardens Hill
341,33726207,Nestor Mariano Mercado,Tecnico Superior en Programacion,22,896 Dwight Junction
342,32249662,Lautaro Ramiro Schuldreich Talleda,Analista Universitario de Sistemas,3,7 Gulseth Hill
343,17457406,Lucas Patricio Reilly,Tecnico Superior en Programacion,28,2 Troy Park
344,38306168,Maria Jimena Rodano Moreno,Tecnico Superior en Programacion,5,89386 Cherokee Plaza
345,28065057,Délio Pontes Baêta Da Costa,Tecnico Superior en Programacion,24,0 Walton Court
346,20974476,Melina Gisele Bustos,Tecnico Superior en Programacion,4,5 Cottonwood Avenue
347,27547593,Maria Alejandra Diaz,Tecnico Superior en Programacion,8,5498 Warrior Alley
348,17150475,Silvia Gabriela Castillo,Ingeniero en Sistemas de Informacion,24,1921 Manufacturers Court
349,35213225,Nora Del Valle Paz,Tecnico Superior en Programacion,10,6868 Hauk Junction
350,29562421,Nicolas Cañete Shlatter,Tecnico Superior en Programacion,27,02 Bellgrove Park
351,27735769,Alan Eduardo Blum,Tecnico Superior en Programacion,17,98805 Swallow Drive
352,26397745,Juan Ignacio Bialet,Tecnico Superior en Programacion,18,9147 Eagle Crest Drive
353,29737984,Rodrigo Sergio Rolny,Tecnico Superior en Programacion,23,9160 North Point
354,17675457,Luis Mazzocco,Analista Universitario de Sistemas,19,78 Milwaukee Lane
355,18587745,Maria Laura Etchegaray,Tecnico Superior en Programacion,20,0880 Pennsylvania Drive
356,32482301,Daniela Martina Bazan,Tecnico Superior en Programacion,10,7418 Pepper Wood Trail
357,19357264,María  Herminia Romero,Analista Universitario de Sistemas,10,18 Bultman Lane
358,16218546,Pablo Nicolas Barbetta,Tecnico Superior en Programacion,9,4 Golf View Hill
359,30173924,Michael Joseph Shott,Tecnico Superior en Programacion,24,874 Grover Road
360,27376903,Josefina Ormaechea,Ingeniero en Sistemas de Informacion,10,697 Haas Place
361,30765248,Pilar Paulin,Tecnico Superior en Programacion,20,9884 Fallview Alley
362,23432642,Laureano Español,Tecnico Superior en Programacion,26,405 Spohn Place
363,22358120,Mariana Coolican,Tecnico Superior en Programacion,2,69380 Bobwhite Pass
364,32661817,Rossana Geraldine López,Tecnico Superior en Programacion,19,03336 1st Way
365,37596606,Arturo Miguel Cagide,Tecnico Superior en Programacion,29,17547 Chinook Parkway
366,34511741,Javier Ezequiel Lopez,Analista Universitario de Sistemas,28,6 Hollow Ridge Pass
367,19999458,Ornela Sabbatini,Tecnico Superior en Programacion,24,0 Fairview Point
368,28678409,Dominguez Clara Zunilda,Tecnico Superior en Programacion,22,7 Butterfield Junction
369,31111749,Leandro Jonatan Gualano,Tecnico Superior en Programacion,26,9250 Hayes Lane
370,38562340,Julian Lanusse,Tecnico Superior en Programacion,26,128 Valley Edge Center
371,28862975,Martin Santiago Quintana,Tecnico Superior en Programacion,0,3 Petterle Place
372,23840673,Cintia Ayelen Martínez,Ingeniero en Sistemas de Informacion,5,40 Stuart Crossing
373,23763700,Mariano Agustín Splendido,Tecnico Superior en Programacion,6,09 Morning Junction
374,23910907,Mauro Gastón Soldevila,Analista Universitario de Sistemas,22,9467 Pennsylvania Drive
375,37798171,María Eugenia Ferri,Tecnico Superior en Programacion,18,5775 Prentice Street
376,37382268,Natalia Anabel Elias,Tecnico Superior en Programacion,28,5374 Derek Point
377,39380955,Bárbara Darizcuren Pace,Tecnico Superior en Programacion,18,08 Heffernan Lane
378,19801095,María Laura Ekart,Analista Universitario de Sistemas,29,85828 Oak Plaza
379,27501070,Tomás Octavio Suarez,Tecnico Superior en Programacion,20,7 Fordem Road
380,26442683,Maria Elda Carletti,Tecnico Superior en Programacion,16,734 Kensington Hill
381,35735440,Pablo Tomás Cencig,Tecnico Superior en Programacion,28,92 Packers Avenue
382,16419491,Carola Fernanda Venegas Diaz,Tecnico Superior en Programacion,24,7 Washington Park
383,24961337,Leonardo Riet Correa Pereyra,Tecnico Superior en Programacion,17,99228 Tony Hill
384,19184800,Paula Alexandra Arcila Gallego,Ingeniero en Sistemas de Informacion,3,0344 Susan Crossing
385,34954830,Helen Roberts,Tecnico Superior en Programacion,3,4312 Acker Circle
386,17476566,Rocio Margarita López,Tecnico Superior en Programacion,10,87371 Mesta Alley
387,32100750,Carlos Arias,Tecnico Superior en Programacion,12,5949 Macpherson Terrace
388,39126984,Mekler Monica Graciela,Tecnico Superior en Programacion,2,6091 Comanche Circle
389,15833529,Jose Francisco Angulo,Tecnico Superior en Programacion,2,388 Prentice Circle
390,35354926,Alejandra Elizabeth Gallo,Analista Universitario de Sistemas,1,467 Iowa Drive
391,24528680,José Luis Sanchez,Analista Universitario de Sistemas,5,512 Northfield Center
392,21419121,Carlos David Colliard Schneider,Tecnico Superior en Programacion,18,4 4th Drive
393,25068937,Sandra Rozental,Tecnico Superior en Programacion,1,464 Valley Edge Park
394,21301814,Maria Florencia Sona,Tecnico Superior en Programacion,11,0 Elmside Parkway
395,27039914,Maria De Los Angeles Molina Vidal,Tecnico Superior en Programacion,24,0519 Delladonna Terrace
396,36289758,Alejandro Gabriel Di Giacomo,Ingeniero en Sistemas de Informacion,21,2 John Wall Crossing
397,32972957,Irby John Lovette,Tecnico Superior en Programacion,2,689 Stuart Pass
398,27510352,Claudia Inés López,Tecnico Superior en Programacion,16,6239 Maryland Alley
399,38961048,Mónica Esther Meshler,Tecnico Superior en Programacion,29,06 Rockefeller Road
400,22902183,Pablo Enrique Gazzaniga,Tecnico Superior en Programacion,22,0 Forest Dale Avenue
401,35581092,Leila Belen Romero,Tecnico Superior en Programacion,5,92 Fuller Lane
402,25650067,Tomas Sarthou,Analista Universitario de Sistemas,26,18119 Tennessee Park
403,26111256,Rubén Ariel García,Tecnico Superior en Programacion,6,60519 Crest Line Place
404,38975534,Analia Soledad Castillo,Tecnico Superior en Programacion,0,4256 Huxley Lane
405,27587730,Nicolás Darmón,Tecnico Superior en Programacion,13,4 Carpenter Way
406,18693932,Nicolas Battaglia,Ingeniero en Sistemas de Informacion,10,78100 Gale Place
407,30562237,Carla Solange García,Tecnico Superior en Programacion,21,93 Carpenter Terrace
408,27368808,Laura Alejandra Gonzalez,Ingeniero en Sistemas de Informacion,2,544 Walton Pass
409,20062441,Andrés Mauricio Gómez Cifuentes,Tecnico Superior en Programacion,4,49252 Milwaukee Court
410,20663695,Juan Carlos Orellano,Tecnico Superior en Programacion,20,96 Shelley Park
411,19860933,Gustsvo Abdo Prieto,Tecnico Superior en Programacion,5,837 Sunfield Hill
412,16893293,Liliana Bruzzone,Tecnico Superior en Programacion,29,83 Mcbride Road
413,26901525,Ricardo Horacio Beccaglia,Tecnico Superior en Programacion,23,35 Shasta Parkway
414,27140962,Stella Maris Terán,Analista Universitario de Sistemas,17,8064 Di Loreto Point
415,38702427,Elizabeth Guruceaga,Tecnico Superior en Programacion,14,3 Esker Hill
416,19531922,Roberto Saavedra,Tecnico Superior en Programacion,2,11 Duke Alley
417,35826328,Eric Andrés Michel,Tecnico Superior en Programacion,10,6 Westridge Way
418,15683290,Eugenia Marquez,Tecnico Superior en Programacion,21,49912 Lake View Street
419,34868981,Julio Leiva,Tecnico Superior en Programacion,19,9 Nova Avenue
420,39496222,Belén Pachano,Ingeniero en Sistemas de Informacion,25,3794 Larry Junction
421,29212472,María Sofia Torres,Tecnico Superior en Programacion,9,701 Warner Point
422,27188127,Antonio Ramon Castilla Alvarez,Tecnico Superior en Programacion,20,9 Northfield Parkway
423,36534898,Jorge Alejandro Hess,Tecnico Superior en Programacion,27,757 Miller Plaza
424,25114604,Gladys Ruth Rodriguez,Tecnico Superior en Programacion,15,4121 Petterle Junction
425,27886962,Cintia Noelia Churquina,Analista Universitario de Sistemas,8,98479 Crescent Oaks Crossing
426,16562500,Marta Delia Romero,Analista Universitario de Sistemas,19,2096 Towne Avenue
427,38457326,Jorge Eduardo Mendoza Baeza,Tecnico Superior en Programacion,4,0 Waubesa Lane
428,16523988,Rafael Toural Dapoza,Tecnico Superior en Programacion,18,87 Truax Alley
429,34853801,Alexandre Ribas Hortal,Tecnico Superior en Programacion,18,89 Monument Place
430,21042709,Jorge Gabriel Balloffet,Tecnico Superior en Programacion,22,52 Annamark Circle
431,34298721,Stefano Speranza,Tecnico Superior en Programacion,6,3 Sutteridge Parkway
432,22877764,Paula Araceli Muscia,Ingeniero en Sistemas de Informacion,4,8 Derek Lane
433,39360769,Tomas Eduardo Velis Ortiz,Tecnico Superior en Programacion,5,08 Carey Parkway
434,16506865,Yesica Noemi Miño,Tecnico Superior en Programacion,3,21 Sugar Drive
435,34368445,Rocío Belén Muñoz,Tecnico Superior en Programacion,2,5704 Schmedeman Park
436,32832942,Romina Inés Rojas,Tecnico Superior en Programacion,5,9 Fisk Drive
437,22305691,Patricio Alejandro Benalcazar Paez,Tecnico Superior en Programacion,11,2846 Hooker Crossing
438,35471342,Fernando Jose Serralunga,Analista Universitario de Sistemas,24,45 Goodland Hill
439,37051592,Fadia Sara Ceccarelli,Tecnico Superior en Programacion,12,82936 Drewry Terrace
440,23148312,Miguel Guerra,Tecnico Superior en Programacion,5,21 Algoma Drive
441,35934745,Orlando Roque Correa,Tecnico Superior en Programacion,15,3077 Carpenter Trail
442,19557859,Monica Isabel Quinteros,Analista Universitario de Sistemas,11,86385 Pine View Park
443,17535956,Analia Victoria Branca,Tecnico Superior en Programacion,10,76 Waxwing Circle
444,32143554,Maximiliano Ivan Tovi Alvero,Ingeniero en Sistemas de Informacion,28,20 Burrows Hill
445,26940891,Camila Mathey Doret,Tecnico Superior en Programacion,15,9900 1st Street
446,29224457,Nilda Gladys Omill,Tecnico Superior en Programacion,14,79 Hagan Point
447,17046923,Natalia Malena Cohen,Tecnico Superior en Programacion,16,2416 Hoffman Trail
448,22092082,Maria Elvira Del Valle Villagran,Tecnico Superior en Programacion,16,808 Memorial Road
449,23032750,Miriam Gisel Funes,Tecnico Superior en Programacion,13,557 Scoville Avenue
450,25000398,Victor Hugo Salinas,Analista Universitario de Sistemas,8,156 Service Court
451,20314899,Miguel Angel Amarilla,Tecnico Superior en Programacion,22,783 Express Place
452,15439426,Maria Alejandra Gandolfo,Tecnico Superior en Programacion,3,961 Holy Cross Street
453,20027536,Manuel Ignacio Moreno,Tecnico Superior en Programacion,11,224 Kedzie Pass
454,19565312,Anibal  Angel Marquez,Tecnico Superior en Programacion,0,46522 Gerald Alley
455,28506315,Javier Darío Zapata,Tecnico Superior en Programacion,18,138 Mitchell Junction
456,37484247,Oscar Martin Galván,Ingeniero en Sistemas de Informacion,9,62896 Gateway Pass
457,28629597,Luis Hueso,Tecnico Superior en Programacion,7,3 Birchwood Lane
458,23951305,Ana Carolina Acevedo Da Rosa,Tecnico Superior en Programacion,24,3 Ohio Alley
459,16110060,Iara Sofia Aranda,Analista Universitario de Sistemas,18,9 Fisk Court
460,27214189,Camila Alejandra Zamora,Tecnico Superior en Programacion,19,21 Bellgrove Place
461,28185647,Eliana Smitsaart,Tecnico Superior en Programacion,22,89 Logan Crossing
462,33525457,Raúl Gustavo Sillero,Analista Universitario de Sistemas,8,22485 Service Drive
463,15737633,Lucia Celebrin,Tecnico Superior en Programacion,25,517 Crest Line Hill
464,35802146,Fernando Jose Dias,Ingeniero en Sistemas de Informacion,29,829 Montana Court
465,25395078,Maria Victoria Lucas,Tecnico Superior en Programacion,8,530 Lakewood Gardens Drive
466,18794085,Melina Ayelen Pralong,Tecnico Superior en Programacion,29,6980 Cody Pass
467,16120336,Eduardo Roberto Thern,Tecnico Superior en Programacion,13,10 Birchwood Alley
468,17899787,Andraz Legat,Ingeniero en Sistemas de Informacion,2,6395 Sachs Way
469,24818559,Nicolas Manavella,Tecnico Superior en Programacion,5,97037 Blue Bill Park Road
470,33446083,Vladimir Avila Reese,Tecnico Superior en Programacion,1,700 Nobel Way
471,33229849,Artur Mayerhofer,Tecnico Superior en Programacion,0,70505 Main Trail
472,24216950,Juan Agustin Lescano Salinas,Tecnico Superior en Programacion,10,26684 Golf Drive
473,37195736,Juan Pablo Regalado,Tecnico Superior en Programacion,24,87516 Pennsylvania Trail
474,24936806,Exequiel Lacovsky,Analista Universitario de Sistemas,27,273 American Ash Drive
475,30654483,Santiago Gassó,Tecnico Superior en Programacion,11,9091 Reindahl Street
476,29450890,Mariano José Cumplido Esmoris,Analista Universitario de Sistemas,29,0 Mallory Point
477,28449219,Pamela Edith Monier,Tecnico Superior en Programacion,29,7615 2nd Terrace
478,35777840,Eimear Elizabeth Kenny,Tecnico Superior en Programacion,10,6 Doe Crossing Hill
479,24862161,Ricardo Cesar Silva,Tecnico Superior en Programacion,24,6682 Superior Plaza
480,22549056,Cecilia Andrea Beatriz Segura,Ingeniero en Sistemas de Informacion,18,15 Becker Alley
481,38054619,Cecilia Antonieta Brizuela Barros,Tecnico Superior en Programacion,20,357 Rieder Plaza
482,33714671,Julieta Cuevas Galarza,Tecnico Superior en Programacion,14,4719 Jay Trail
483,16837573,Agustina Soto Cabrera,Tecnico Superior en Programacion,28,7072 Memorial Lane
484,35935009,Nora Patricia Watman,Tecnico Superior en Programacion,11,68426 Schurz Street
485,22201391,Ignacio Pastore Benaim,Tecnico Superior en Programacion,27,657 Merrick Lane
486,33508910,María José Tavera Quiróz,Analista Universitario de Sistemas,20,0 Messerschmidt Road
487,29129027,Miguel Masnu,Tecnico Superior en Programacion,5,40 Ohio Center
488,30021914,Rodolfo Martín Carbonetti,Tecnico Superior en Programacion,24,71328 Larry Terrace
489,17019241,Delfina Arancio Sidoti,Tecnico Superior en Programacion,0,2741 Lerdahl Street
490,15915980,Alejandro Francisco Heinrich,Tecnico Superior en Programacion,1,3380 Rusk Road
491,33135840,Marina Alicia Vallazza,Tecnico Superior en Programacion,13,147 Lawn Hill
492,19200705,Santiago Manuel Benito,Ingeniero en Sistemas de Informacion,15,1423 Paget Road
493,16781754,Fernando Caif,Analista Universitario de Sistemas,11,0329 Granby Place
494,29255743,Bruno Casaccio,Tecnico Superior en Programacion,16,2372 Monterey Street
495,17645717,Andrea Araceli Barrionuevo,Tecnico Superior en Programacion,19,23 Iowa Point
496,29218588,Franco Exequiel Lucero Arteaga,Tecnico Superior en Programacion,0,0 Packers Point
497,19216644,María Eugenia Garay Basualdo,Tecnico Superior en Programacion,15,619 Meadow Valley Trail
498,16727948,Pedro Facundo Molina Apud,Analista Universitario de Sistemas,28,50907 Linden Crossing
499,24007264,Crsitian Sebastián Rodriguez,Tecnico Superior en Programacion,1,33270 Summerview Terrace
500,23607128,Jorge Camacho Sosa Dias,Tecnico Superior en Programacion,22,03864 Sage Avenue
501,23906445,Jesica Benítez,Tecnico Superior en Programacion,11,83 Mcguire Way
502,37327126,Lina Marino,Tecnico Superior en Programacion,5,3331 Banding Plaza
503,35598640,Florencia María Del Valle Furque,Tecnico Superior en Programacion,15,971 Kropf Center
504,34675538,Nadia Soledad Cancio,Ingeniero en Sistemas de Informacion,3,191 Tennessee Alley
505,31904202,Celeste Soledad Quiroga,Tecnico Superior en Programacion,5,8 Charing Cross Pass
506,19744909,Jennifer Daiana Iglesias,Tecnico Superior en Programacion,8,9260 Randy Crossing
507,27878365,Barbara Yael Guiñazu,Tecnico Superior en Programacion,14,1 Thompson Pass
508,33308283,Gabriela Virginia Dasso,Tecnico Superior en Programacion,18,296 Vera Alley
509,19578741,María Fernanda Del Huerto Silva,Tecnico Superior en Programacion,17,36 3rd Road
510,22717184,Daniel Etchepare,Analista Universitario de Sistemas,3,8589 La Follette Plaza
511,35244749,Agustin Guerra,Tecnico Superior en Programacion,0,9654 Marquette Pass
512,16281687,Emilio Felipe Huaier Arriazu,Tecnico Superior en Programacion,19,05 Gina Hill
513,29039790,David Gonzalez,Tecnico Superior en Programacion,26,1834 Sheridan Center
514,36963666,Patricia Coimbra,Tecnico Superior en Programacion,27,618 Elgar Junction
515,32394928,Mariela María De Los Angeles Tarabini,Tecnico Superior en Programacion,24,49 Ludington Lane
516,39766646,Maria Constanza Alvarez Chardon,Ingeniero en Sistemas de Informacion,16,3 Evergreen Street
517,28841654,Andreea Font,Tecnico Superior en Programacion,14,94 Schlimgen Hill
518,15183160,Carmen Adriana Ricaurte Gomez,Tecnico Superior en Programacion,1,39551 Riverside Terrace
519,36549051,Eduardo Andreas Dietrich,Tecnico Superior en Programacion,20,11 6th Crossing
520,32721303,Guillermo Nicolás Rommel,Tecnico Superior en Programacion,18,09853 Cody Point
521,16027882,Omar Domingo Defeo Gorospe,Tecnico Superior en Programacion,6,31 Darwin Parkway
522,31664170,Yelena Arnautova,Ingeniero en Sistemas de Informacion,21,24 Sommers Alley
523,30734598,Carolina Soledad Rodríguez,Tecnico Superior en Programacion,4,4 Ramsey Parkway
524,15110304,Lucia  De Los Milagros Miño,Tecnico Superior en Programacion,24,60160 Menomonie Drive
525,20149142,Lorena Marilin Gruber,Tecnico Superior en Programacion,20,7 Oakridge Court
526,38418373,Andoni Ibarra Unzueta,Tecnico Superior en Programacion,27,1 Debs Circle
527,18694475,Victoria Quiroga,Analista Universitario de Sistemas,12,1366 Declaration Point
528,28550002,Pedro Takao Yamamoto,Ingeniero en Sistemas de Informacion,16,0142 Pierstorff Circle
529,26599900,Laura Irene Andrada,Tecnico Superior en Programacion,29,830 Larry Center
530,24465016,María Fernanda Arcidiácono,Tecnico Superior en Programacion,10,76 Schurz Street
531,36068015,Ricardo Gustavo Marenchino,Tecnico Superior en Programacion,16,1 Columbus Street
532,29284531,David Morillón Gálvez,Tecnico Superior en Programacion,27,386 Muir Trail
533,25059512,Gabriela Guadalupe Montenegro,Tecnico Superior en Programacion,8,4 Ridgeview Drive
534,38451547,Guillermo Antonio Perichi Cabrera,Analista Universitario de Sistemas,1,3 Magdeline Hill
535,37173224,Delfina Cocco,Tecnico Superior en Programacion,2,2 Summerview Street
536,34114948,Lucia Figueredo,Tecnico Superior en Programacion,29,800 Ridgeway Place
537,17835370,Markus Zwecksteter,Tecnico Superior en Programacion,14,9516 Gerald Pass
538,26378052,Mark Stephen Harvey,Tecnico Superior en Programacion,21,47806 Schiller Trail
539,28309903,Florencia Anahí Ferrero,Tecnico Superior en Programacion,23,54560 Iowa Park
540,32744040,Marcos Andrés Rodriguez Marcos Andrés,Ingeniero en Sistemas de Informacion,16,17 Lerdahl Way
541,23584233,Alberto Juan Ismael Vich,Tecnico Superior en Programacion,3,16162 Elgar Pass
542,20382509,Carlos Javier Ponti,Tecnico Superior en Programacion,28,30606 Lawn Circle
543,23566801,Alicia Beatriz Saliva,Tecnico Superior en Programacion,13,09 Pierstorff Street
544,35146343,Agustin Caliani,Analista Universitario de Sistemas,3,183 Monterey Circle
545,31484654,Guillermina Carlon Guerra,Tecnico Superior en Programacion,14,41 Erie Terrace
546,30970040,Laura Alonso Alemany,Analista Universitario de Sistemas,5,5 Rusk Way
547,30662098,Juan Manuel Sivori,Tecnico Superior en Programacion,3,197 Sauthoff Parkway
548,36584333,Nelson Eduardo Romero,Tecnico Superior en Programacion,28,82522 Mayfield Drive
549,18068025,Mariano Paillalef,Tecnico Superior en Programacion,18,0172 Kropf Junction
550,28906668,Rodolfo Elias,Tecnico Superior en Programacion,16,4 Iowa Plaza
551,28043132,Lino Omar Giannuzzi,Tecnico Superior en Programacion,22,446 Steensland Street
552,29568521,Demecia Lezcano,Ingeniero en Sistemas de Informacion,6,740 Heath Place
553,36723955,Daiana Anabel Fontana,Tecnico Superior en Programacion,21,945 Mallory Road
554,21776339,Chana Oihana Boekle Yarza,Tecnico Superior en Programacion,2,90 Debra Place
555,34426841,Rebeca Tamara Occhionero,Tecnico Superior en Programacion,12,178 Mifflin Park
556,29135881,Agustin Gerez,Tecnico Superior en Programacion,24,32 Memorial Plaza
557,15228810,María Elena Ponce,Tecnico Superior en Programacion,24,69 Kingsford Place
558,29903249,Andrea Nastri De Luca Batista,Analista Universitario de Sistemas,22,0686 Manley Drive
559,26572662,Mikael Esmann,Tecnico Superior en Programacion,20,54 Artisan Parkway
560,33040101,María José Benedetti,Tecnico Superior en Programacion,21,2607 Kim Way
561,24089130,Lilian Furforo,Analista Universitario de Sistemas,24,0646 Manufacturers Junction
562,28189811,Reinhard Fässler,Tecnico Superior en Programacion,21,099 Kim Point
563,36699067,Mariela Mónica Bogner,Tecnico Superior en Programacion,28,96 Eagan Parkway
564,29242571,Marcelo Francisco Bisciglia,Ingeniero en Sistemas de Informacion,6,955 Saint Paul Terrace
565,25633658,Alberto Vicente Vivas,Tecnico Superior en Programacion,1,05252 Larry Junction
566,32875989,Danilo Taype Zamboni,Tecnico Superior en Programacion,26,03 Ryan Alley
567,27158403,Mabel Magdalena Grieco,Tecnico Superior en Programacion,11,78873 Anniversary Junction
568,35509698,Cecilia Lertora,Tecnico Superior en Programacion,14,8 Bartelt Circle
569,30947854,Laura Caristia,Tecnico Superior en Programacion,16,5954 Center Circle
570,19086018,Claudio Emilio Gjud,Analista Universitario de Sistemas,19,9 Badeau Plaza
571,36189308,Marina Lacina,Tecnico Superior en Programacion,25,04634 Rutledge Way
572,31586463,Charles Richard Haddad,Tecnico Superior en Programacion,21,3 Marcy Place
573,26259802,Maria Laura Diaz,Tecnico Superior en Programacion,27,80791 Dottie Trail
574,37488253,Daniel Nathan Proud,Tecnico Superior en Programacion,18,37 Lakeland Lane
575,25508691,Andres Eduardo Ruf,Tecnico Superior en Programacion,4,65 Vahlen Pass
576,18041465,Juan Marcelo Vicente,Ingeniero en Sistemas de Informacion,4,72416 Prentice Alley
577,21333778,Sebastián Moyano,Tecnico Superior en Programacion,9,10 Service Court
578,29571491,Carolina Lucrecia Di Palma,Analista Universitario de Sistemas,18,360 Thompson Court
579,34210972,Sebastian Patricio Welsh,Tecnico Superior en Programacion,25,1 Bunting Park
580,27133397,Luis Eduardo Aubone,Ingeniero en Sistemas de Informacion,25,91 Oneill Center
581,34884841,Facundo Lopez,Tecnico Superior en Programacion,10,624 Schiller Center
582,16838899,Maysa Furlan,Analista Universitario de Sistemas,16,754 Calypso Point
583,25694295,Gabriela Ines Sobrido,Tecnico Superior en Programacion,11,70217 Lyons Lane
584,23910846,María Carolina Tornincasa,Tecnico Superior en Programacion,20,0 Rieder Terrace
585,31805087,Lucia Bustos,Tecnico Superior en Programacion,27,9395 Mendota Street
586,33045672,Philip Barker,Tecnico Superior en Programacion,2,9926 Forest Run Court
587,25517252,Marta Carolina Cruz,Tecnico Superior en Programacion,22,7788 Scott Hill
588,33858582,Ana Carolina Calijorne Lourenço,Ingeniero en Sistemas de Informacion,20,4350 Charing Cross Court
589,29327520,Analia Belén De Paoli,Tecnico Superior en Programacion,21,824 Victoria Way
590,25034907,Wido Herwing Schreiner,Tecnico Superior en Programacion,21,03 Gulseth Hill
591,25439125,Luciana Benavente,Tecnico Superior en Programacion,21,9 Jenna Parkway
592,39659807,Andrea Lorena Ferreyra,Tecnico Superior en Programacion,3,5 Lillian Place
593,17877136,Claudia Adriana Vargas,Tecnico Superior en Programacion,28,4 Scofield Lane
594,35976210,María Del Valle Pérez,Analista Universitario de Sistemas,13,9 Carioca Street
595,22882037,Maximiliano Patricio Martino Ávila,Analista Universitario de Sistemas,9,6 Village Green Parkway
596,26150769,Ricardo Bergmann,Tecnico Superior en Programacion,5,91658 Anderson Street
597,20059563,Victor Hugo Hinojosa Mateus,Tecnico Superior en Programacion,1,788 Mandrake Circle
598,32729854,Federico Christello,Tecnico Superior en Programacion,23,25 Ryan Center
599,15893736,Ana Laura Gramajo,Tecnico Superior en Programacion,4,7 Merchant Plaza
600,31823405,Sarah Spiegel,Ingeniero en Sistemas de Informacion,22,6 Vermont Plaza
601,26467262,Evelyn Dafne Iglesias,Tecnico Superior en Programacion,8,72 Emmet Trail
602,22561630,Gustavo Maurino,Tecnico Superior en Programacion,3,8275 Sycamore Park
603,33543560,Erica Carrizo,Tecnico Superior en Programacion,20,6743 Londonderry Lane
604,37993490,Freddy Kleitz,Tecnico Superior en Programacion,14,6703 Mockingbird Avenue
605,39130835,Maria Cielo Pompei,Tecnico Superior en Programacion,14,73 Brickson Park Court
606,32165696,Ricardo Petraglia,Analista Universitario de Sistemas,10,7278 Mosinee Junction
607,39871114,Leandro Elias,Tecnico Superior en Programacion,18,2 Morningstar Trail
608,35138309,Pablo Ariel Bocchio,Tecnico Superior en Programacion,6,26 Holy Cross Way
609,39371299,Thomas Gillespie,Tecnico Superior en Programacion,5,149 Sutherland Pass
610,28714360,Luciana Flor Melillo,Tecnico Superior en Programacion,28,61729 Kim Center
611,27888550,Brian Mestre,Tecnico Superior en Programacion,8,6487 Warner Plaza
612,34723627,Ivan Luiz Fiorini De Magalhães,Ingeniero en Sistemas de Informacion,17,479 Division Junction
613,39722341,Marcelo Horacio Argüelles,Tecnico Superior en Programacion,27,0600 Mccormick Circle
614,15261859,María Paula Llosa,Tecnico Superior en Programacion,13,3 Bunting Avenue
615,19516920,Belen Micaela Tomas Arancibia,Tecnico Superior en Programacion,15,93935 Oakridge Point
616,34720515,Ana Eugenia Marandino Peregalli,Tecnico Superior en Programacion,5,0 Clarendon Road
617,34711512,Raãºl Miguel Gerenni,Tecnico Superior en Programacion,1,6 Northview Pass
618,20498915,Alexandre Specht,Analista Universitario de Sistemas,28,45167 Macpherson Alley
619,29306247,Tamara Zoltan,Tecnico Superior en Programacion,27,92 Elmside Crossing
620,38908138,Juan Bottega,Tecnico Superior en Programacion,6,17271 Delladonna Junction
621,30344983,Sebastian Giampani,Tecnico Superior en Programacion,15,7776 Eagan Alley
622,34744479,Marina Mercedes Del Carmen Borda,Tecnico Superior en Programacion,17,9 Dottie Plaza
623,25708834,Karina Inés Dopacio,Tecnico Superior en Programacion,5,29674 Sutteridge Circle
624,30120203,Lluis Serra,Ingeniero en Sistemas de Informacion,8,8 Talmadge Street
625,18699406,Antonella Vilanova,Tecnico Superior en Programacion,6,757 Brown Hill
626,16263542,Nima Masoumifard,Tecnico Superior en Programacion,10,0845 Laurel Center
627,16758354,Jaime Rodrigo Pizarro Araya,Tecnico Superior en Programacion,5,9782 Roth Street
628,22096443,Niubys De Los Milagros Cayado Gutiérrez,Tecnico Superior en Programacion,3,38344 Sutherland Pass
629,18182978,Visscher Pieter Teunis,Analista Universitario de Sistemas,13,82 Springs Terrace
630,27869321,Matias Tomas Capurso,Analista Universitario de Sistemas,13,9 Randy Lane
631,19771857,María De Los Ángeles García Campo,Tecnico Superior en Programacion,12,691 Forest Circle
632,16703548,Erika Kothe,Tecnico Superior en Programacion,9,2023 Twin Pines Lane
633,16852472,Daniela Mariana Gargantini,Tecnico Superior en Programacion,5,8168 Tennessee Alley
634,17976793,Ignacio Roberto Huerga,Tecnico Superior en Programacion,6,1 Gerald Crossing
635,38458366,Camila Macarena Loffredo,Tecnico Superior en Programacion,28,12 Judy Terrace
636,20556587,Mauro Javier Palacio,Ingeniero en Sistemas de Informacion,15,047 Fremont Lane
637,28491251,Gianninna Fermoselle,Tecnico Superior en Programacion,12,19 Tony Parkway
638,33309366,Gabriela Mastromonaco,Ingeniero en Sistemas de Informacion,2,01 Village Green Way
639,25742725,María Alejandra Del Porto,Tecnico Superior en Programacion,7,72 Spenser Trail
640,21811811,Santiago Giralt Romeu,Tecnico Superior en Programacion,12,14579 Haas Junction
641,17500134,Dihuen Spera,Tecnico Superior en Programacion,28,119 Memorial Circle
642,25750582,María Gabriela Mieli,Analista Universitario de Sistemas,19,2746 Crowley Park
643,19006539,Damian Maximiliano Miño,Tecnico Superior en Programacion,24,66 Redwing Crossing
644,37329737,Mauricio Martin Mémoli,Tecnico Superior en Programacion,21,9 Grim Road
645,25292705,Gustavo Achilles,Tecnico Superior en Programacion,29,01020 Northland Junction
646,17391965,María De Los Angeles Caliva,Analista Universitario de Sistemas,14,55 Schlimgen Terrace
647,24829149,Lorena Gisela Masiello,Tecnico Superior en Programacion,29,8091 Artisan Alley
648,30395410,Verónica Mariela Blanco,Ingeniero en Sistemas de Informacion,15,76 Myrtle Plaza
649,24465182,Carolina Bagattolli,Tecnico Superior en Programacion,22,580 Beilfuss Drive
650,27199880,Rocio Soledad Acuña,Tecnico Superior en Programacion,18,13 Warbler Pass
651,16816153,Maria Celeste Piacentini,Tecnico Superior en Programacion,6,869 Oak Plaza
652,39030421,Maria Belen Coca Mogro,Tecnico Superior en Programacion,7,94 Towne Center
653,33917841,Matias Faraco,Tecnico Superior en Programacion,10,830 Talmadge Crossing
654,38819558,Rocio  Celeste Martin,Analista Universitario de Sistemas,12,2 Northport Circle
655,19970907,Roger Paulo Mormul,Tecnico Superior en Programacion,18,7242 Arizona Road
656,28863170,Benito  Armando Solis  Mendoza,Tecnico Superior en Programacion,4,82116 Tony Trail
657,29928304,Julio Ignacio Bordon,Tecnico Superior en Programacion,10,88491 Center Crossing
658,32966655,Sofía Aimé Duarte,Tecnico Superior en Programacion,9,5 Badeau Place
659,18111751,María Emilia Espósito,Tecnico Superior en Programacion,13,22580 Caliangt Trail
660,31377181,Rebeca Melisa Carrera,Ingeniero en Sistemas de Informacion,20,708 Evergreen Avenue
661,33115135,Sofia Grinenco,Tecnico Superior en Programacion,4,119 Graceland Trail
662,24653134,Fabio Maidana,Tecnico Superior en Programacion,17,39383 Jackson Avenue
663,37921902,Ana Katerinne Munévar Lozano,Analista Universitario de Sistemas,9,109 Nancy Center
664,29409859,Pedro Lagerblad De Oliveira,Tecnico Superior en Programacion,17,9 Tennessee Road
665,24279592,Marina Valinoti,Tecnico Superior en Programacion,8,0 Oak Drive
666,37079133,German Bianchini,Analista Universitario de Sistemas,4,58070 Florence Point
667,39234131,Alejandro Martin Mayer Escot,Tecnico Superior en Programacion,24,78184 Oriole Road
668,35938466,Juan Inti Lezana Reboredo,Tecnico Superior en Programacion,9,642 Dapin Trail
669,17666426,David Serrat Congost,Tecnico Superior en Programacion,19,66 Eliot Alley
670,38585402,Adolfo Orlando Acosta,Tecnico Superior en Programacion,16,9667 Lerdahl Place
671,21439319,Ernesto Vicente Vega Peña,Tecnico Superior en Programacion,0,4 Hovde Plaza
672,19142726,Theo Rein,Ingeniero en Sistemas de Informacion,14,5 Manley Park
673,15076837,Natassia Ashby Marquez Monsalve,Tecnico Superior en Programacion,18,2 Dapin Road
674,26390085,Hugo Sarmento,Tecnico Superior en Programacion,4,34 Sundown Street
675,37368004,Silvana De Souza Ramos,Tecnico Superior en Programacion,22,97819 Armistice Circle
676,31874100,Luis Miguel Primo,Tecnico Superior en Programacion,10,60093 Kedzie Avenue
677,24690868,Marcelo Gustavo Adrián Polak,Tecnico Superior en Programacion,0,84106 Doe Crossing Street
678,28270737,Angel Manuel Segura Castillo,Analista Universitario de Sistemas,2,4 Blaine Center
679,15242769,Margarita Armada De Romano,Tecnico Superior en Programacion,16,99 Forster Alley
680,33401680,Leonardo Jose Torrejon,Analista Universitario de Sistemas,27,121 Roxbury Point
681,30574173,Paul Alan Garber,Tecnico Superior en Programacion,5,9 Bayside Street
682,28533532,Daniel Fernando Villanueva Quelin,Tecnico Superior en Programacion,14,42961 Briar Crest Junction
683,26395747,Angel Ruiz De Apodaca Espinosa,Tecnico Superior en Programacion,28,3335 Fuller Trail
684,21554529,Martin Eduardo Bazan,Ingeniero en Sistemas de Informacion,11,084 Derek Park
685,34390343,Jonatan Emanuel Aguirre,Tecnico Superior en Programacion,16,6825 Oriole Plaza
686,39362556,Jp T,Tecnico Superior en Programacion,18,281 Eliot Parkway
687,28879088,Rubén Alberto Davicino,Tecnico Superior en Programacion,17,114 Briar Crest Hill
688,18775347,Johannes Hulsman,Tecnico Superior en Programacion,12,1 Merrick Plaza
689,15631543,Hugo Cesar Arredondo Bernal,Tecnico Superior en Programacion,23,42877 Melrose Drive
690,33048105,Zaira Juarez,Analista Universitario de Sistemas,17,5 Kennedy Trail
691,34161397,Anahi Zaravia Lopez,Tecnico Superior en Programacion,18,73 Tennyson Terrace
692,23627176,Catherine Marina Pickering,Tecnico Superior en Programacion,14,34235 La Follette Pass
693,25427644,Maria Cristina Richaud,Tecnico Superior en Programacion,23,1 Ronald Regan Court
694,25003773,Thantesca Da Silva Mendonca,Tecnico Superior en Programacion,2,022 Springs Pass
695,37385663,Carlos Alfredo Toledo Lazarte,Tecnico Superior en Programacion,18,069 Randy Parkway
696,33309298,Monica Gabriela Nigro,Ingeniero en Sistemas de Informacion,21,72303 Hoffman Avenue
697,38107961,Leonel Santos Girala,Analista Universitario de Sistemas,27,61596 Carpenter Avenue
698,38178372,María Anabel Ciallella,Tecnico Superior en Programacion,13,3897 Straubel Way
699,32797124,Raquel Noemi Staciuk,Tecnico Superior en Programacion,8,3441 Judy Alley
700,33767384,Diego Rauch,Tecnico Superior en Programacion,7,44361 Carberry Drive
701,39527168,Giuliana Florencia Molina,Tecnico Superior en Programacion,3,68404 Lunder Avenue
702,33013004,Ana Laura Naso,Analista Universitario de Sistemas,1,5257 Lunder Street
703,21815510,Carina Veronica Suarez,Tecnico Superior en Programacion,24,6 Pierstorff Road
704,31113883,Guillermo Oscar Santa Cruz,Tecnico Superior en Programacion,29,8 Beilfuss Park
705,28798031,Hernan Yervoni,Tecnico Superior en Programacion,24,87 Fisk Point
706,27127383,Rodrigo Moreno Botella,Tecnico Superior en Programacion,11,53349 Maryland Place
707,22268013,Ivan Fornales,Tecnico Superior en Programacion,28,19153 Pond Pass
708,34135539,Maria Dolores Arocena Hounie,Ingeniero en Sistemas de Informacion,19,1 Manley Alley
709,15847151,Gustavo Ariel Valenzuela,Tecnico Superior en Programacion,4,105 Scofield Way
710,36754475,Markus Proft,Tecnico Superior en Programacion,2,5116 Longview Park
711,28420015,Sebastián Ramón Larrosa,Tecnico Superior en Programacion,15,4 Erie Court
712,25406502,Javier Alfonso Schvartzman,Tecnico Superior en Programacion,27,51552 Cascade Road
713,28949512,Mariana Lorena Canton,Tecnico Superior en Programacion,28,9051 Judy Drive
714,19976008,Leonardo De Jesus Salazar Alarcon,Analista Universitario de Sistemas,17,541 Pierstorff Place
715,20303103,Lorena Paola Chiapparo,Tecnico Superior en Programacion,15,9317 Sundown Hill
716,28326885,Eduardo Moreno,Tecnico Superior en Programacion,22,0116 Bartillon Alley
717,18604799,Felix Omar Mora Saade,Tecnico Superior en Programacion,21,3 Mcguire Crossing
718,18191255,Adriana Lorena Armendariz,Tecnico Superior en Programacion,19,40198 Meadow Valley Place
719,36948125,Dalma Bilbao,Tecnico Superior en Programacion,17,62 Shelley Circle
720,28131188,Mariana Victoria Capponi,Ingeniero en Sistemas de Informacion,15,8 1st Alley
721,33935841,Germán Eduardo Hachmann,Tecnico Superior en Programacion,19,43732 Monterey Parkway
722,15806501,Fabiana Chavez,Tecnico Superior en Programacion,9,2 Elmside Pass
723,39108403,Constanza Berg,Tecnico Superior en Programacion,6,5555 Lotheville Avenue
724,19155217,Nazarena Ferreyra,Tecnico Superior en Programacion,29,79 Lukken Terrace
725,29752417,Candelaria Layús,Tecnico Superior en Programacion,4,7 Oak Valley Street
726,19603891,Soledad Zabalza Marengo,Analista Universitario de Sistemas,0,19 Scott Road
727,28221447,Sofia Di Maio,Tecnico Superior en Programacion,24,30 Hudson Street
728,25169031,Marcelo Pietrani,Tecnico Superior en Programacion,6,530 Butterfield Hill
729,27424416,Rocio Beatriz Urrutia Jalabert,Tecnico Superior en Programacion,14,2687 Summerview Lane
730,35105268,Pablo Martin Bonnot,Tecnico Superior en Programacion,3,4 Waubesa Plaza
731,38551635,Enzo Crespillo,Analista Universitario de Sistemas,10,65 Atwood Crossing
732,17498236,Lorena Marisel Grossi,Ingeniero en Sistemas de Informacion,14,6 Sullivan Street
733,31157774,Sergio Luis Quiroz,Tecnico Superior en Programacion,16,959 Red Cloud Point
734,34273064,Vicente Tomás Rodríguez Pi,Tecnico Superior en Programacion,7,0 Orin Circle
735,23847115,Vanina Beatríz Machaca Villegas,Tecnico Superior en Programacion,9,34 Heath Center
736,21611875,Romina Gisel Rios,Tecnico Superior en Programacion,3,4 Manley Drive
737,22500641,Noelia Belen Codutti,Tecnico Superior en Programacion,27,712 Melby Junction
738,15806776,Saideh Saleh Ebrahimi,Analista Universitario de Sistemas,28,66599 Acker Court
739,27363956,Ricardo Jose Andrade Silv,Tecnico Superior en Programacion,0,4204 Sloan Junction
740,18107356,Daniel Berrocal,Tecnico Superior en Programacion,26,086 Atwood Road
741,27123976,Beatriz Rodríguez Díaz,Tecnico Superior en Programacion,1,9 Hagan Terrace
742,32135609,Jaime Martinez,Tecnico Superior en Programacion,8,805 Judy Junction
743,32715477,Antonella Butera,Tecnico Superior en Programacion,1,6003 Meadow Ridge Plaza
744,26759755,Daniel Gelardi,Ingeniero en Sistemas de Informacion,17,42 Milwaukee Way
745,38138980,María Antonieta Muro,Tecnico Superior en Programacion,17,234 Darwin Road
746,26250441,Lisa Nagaoka,Tecnico Superior en Programacion,18,2 Sutteridge Park
747,23166920,Vila Maria De Las Mercedes,Tecnico Superior en Programacion,4,1 Lakewood Avenue
748,39541400,Moira Javiera Bolesina,Analista Universitario de Sistemas,10,450 Village Green Way
749,27069705,Antonella Daira Padula,Tecnico Superior en Programacion,10,42 Bunker Hill Park
750,19665845,Nils Henrik Nilsson,Analista Universitario de Sistemas,17,014 Brentwood Lane
751,34813573,Marisa Judith Elizabeth Gallardo,Tecnico Superior en Programacion,3,4506 Straubel Alley
752,34982623,Ianir Isaac Milevski,Tecnico Superior en Programacion,22,84 New Castle Road
753,28404029,Sebastián Eckardt,Tecnico Superior en Programacion,13,63135 Texas Junction
754,38204173,Rocio Belen Gomez,Ingeniero en Sistemas de Informacion,27,0964 Milwaukee Parkway
755,18261818,Oscar Mendiz,Tecnico Superior en Programacion,26,2 Goodland Alley
756,15853263,Juan Ignacio Guido,Ingeniero en Sistemas de Informacion,10,537 Derek Trail
757,35930179,Adriana Norma Gamarra,Tecnico Superior en Programacion,8,8 Blackbird Crossing
758,25051260,Martín Nicolás Humberto,Tecnico Superior en Programacion,17,39 Carioca Avenue
759,36101433,Juan Manuel Molas Y Molas,Tecnico Superior en Programacion,16,3021 Meadow Ridge Point
760,24698700,Marcelo Herminio Sevillano,Tecnico Superior en Programacion,24,4 Packers Park
761,21424665,Juan Andres Pina,Tecnico Superior en Programacion,28,0 Nevada Place
762,28551297,Silvio Eduardo Giraudo,Analista Universitario de Sistemas,28,01789 Dovetail Crossing
763,15429029,Micaela Natalia Mansella,Tecnico Superior en Programacion,4,9060 Tennyson Lane
764,25842063,Tomas Orsi,Tecnico Superior en Programacion,27,7498 Fairview Street
765,19870334,Ariel Stein,Analista Universitario de Sistemas,7,3648 Blue Bill Park Point
766,23305070,Yael Mayra Poggi,Tecnico Superior en Programacion,25,39 Mallory Center
767,36149861,Rodolfo Nestór De Vincenzi,Tecnico Superior en Programacion,23,3 Kim Circle
768,36318584,Solana Aguilar Loreto,Ingeniero en Sistemas de Informacion,7,43192 Florence Junction
769,34416626,Ludmila Niño,Tecnico Superior en Programacion,22,08 Ronald Regan Way
770,25982707,Aibin Zhan,Tecnico Superior en Programacion,7,34824 Brickson Park Circle
771,37661335,Michael Saska,Tecnico Superior en Programacion,27,4 Drewry Pass
772,31999125,Claudia Fidelis Marinho,Tecnico Superior en Programacion,21,0718 Blaine Avenue
773,34734938,Eduardo Miguel Farabello,Tecnico Superior en Programacion,16,7087 Heath Hill
774,27835515,Franco Exequiel Alderete,Analista Universitario de Sistemas,17,6748 Hoard Crossing
775,36232604,Agustina Cazón Narvaez,Tecnico Superior en Programacion,19,10 New Castle Lane
776,15246588,Noelia Nazaret Barboza,Tecnico Superior en Programacion,22,891 Esch Trail
777,25075211,Clara Isabel Cardona Mejia,Tecnico Superior en Programacion,28,2373 Sauthoff Circle
778,35825877,Martin Svojtka,Tecnico Superior en Programacion,19,752 Northridge Avenue
779,18337016,Marcela Rita Olmedo,Tecnico Superior en Programacion,29,1122 Fulton Plaza
780,19492141,Alvaro Juan Aguilar Kirigin,Ingeniero en Sistemas de Informacion,21,08875 Hazelcrest Parkway
781,16672762,Etienne Berthier,Tecnico Superior en Programacion,13,28006 Kipling Place
782,20391653,Lorena Andrea Dassa,Analista Universitario de Sistemas,16,969 Rigney Court
783,38614668,Cristian Seehaus,Tecnico Superior en Programacion,19,657 Sherman Park
784,33742258,Mirta Noemi Carnero,Tecnico Superior en Programacion,28,45 Dawn Point
785,25737451,Ana Beatriz Fernandez Gonzalez,Tecnico Superior en Programacion,19,6 Golf Course Avenue
786,35911612,Juan Ignacio Fernandino,Analista Universitario de Sistemas,25,9 Hooker Hill
787,30756160,Venturini Corbellini Julia Elisa,Tecnico Superior en Programacion,24,186 American Ash Drive
788,37163209,Xavier Barril Alonso,Tecnico Superior en Programacion,19,4 Fisk Street
789,21010481,Luciano Germán Agüero,Tecnico Superior en Programacion,14,0190 Sullivan Street
790,27899335,Ignacio Díaz Martínez,Tecnico Superior en Programacion,5,7255 Becker Park
791,15025900,Santiago Nicolas Rodriguez,Tecnico Superior en Programacion,3,6710 John Wall Terrace
792,20145491,Willians Loureno Porto,Ingeniero en Sistemas de Informacion,15,35076 Buhler Alley
793,37124868,Juan Carbone,Tecnico Superior en Programacion,23,07379 Claremont Plaza
794,27719794,Palomaamerica Chousallizama,Tecnico Superior en Programacion,5,8177 Fairfield Crossing
795,25250679,Ivanna Fiorella Gigliesi,Tecnico Superior en Programacion,3,0 Hermina Way
796,23136527,Alejandro Nahuel Sanchez,Tecnico Superior en Programacion,23,47717 Lakeland Point
797,22827290,Alexis Joaquín Espíndola,Tecnico Superior en Programacion,27,36453 Gale Place
798,32792518,Lionel Estel,Analista Universitario de Sistemas,2,98 Mockingbird Court
799,24296910,Analia Julia,Analista Universitario de Sistemas,0,93 Schmedeman Pass
800,23325688,Gaston Ruben Schvindt,Tecnico Superior en Programacion,8,1852 Armistice Trail
801,30680911,Henry Francisco Willebald Remedios,Tecnico Superior en Programacion,4,40277 Oakridge Junction
802,36655812,Lyda Ruth Leibovich,Tecnico Superior en Programacion,2,880 Lien Road
803,16426557,Maria Clarisa Dumit,Tecnico Superior en Programacion,10,24518 Bunker Hill Alley
804,18502767,Priscila Balcedo,Ingeniero en Sistemas de Informacion,6,18986 Center Road
805,35341575,Emanuel Santiago Herrmann,Tecnico Superior en Programacion,0,0132 Marquette Trail
806,26884607,Dina Rosana Ormeño,Tecnico Superior en Programacion,1,051 Pleasure Road
807,19829018,Gerardo Daniel Aguirre,Tecnico Superior en Programacion,7,9 Eliot Plaza
808,25850729,Emiliano Fallilone,Tecnico Superior en Programacion,20,23263 Sundown Street
809,33412197,Mauricio Calderón Nettle,Tecnico Superior en Programacion,2,3685 Orin Trail
810,28462136,Sergio Luis Guarini Morando,Analista Universitario de Sistemas,24,853 Fisk Circle
811,36277448,Pamela Piccirillo,Tecnico Superior en Programacion,13,022 Moulton Way
812,22472482,Karl Ernst Roehl,Ingeniero en Sistemas de Informacion,18,1 Golf Road
813,33459829,Sebastian Ezequiel Retamozo,Tecnico Superior en Programacion,14,5292 Mesta Way
814,37923425,Andrea Adelina Finotti,Tecnico Superior en Programacion,17,070 Straubel Avenue
815,28939291,Georgina Mihailovschi,Tecnico Superior en Programacion,18,91 Sugar Point
816,17408758,María Sol Meglio,Ingeniero en Sistemas de Informacion,20,3222 Rieder Parkway
817,37419094,Juan Guillermo Krauss,Tecnico Superior en Programacion,1,9677 Forest Street
818,23255109,Juan Francisco Gottig,Tecnico Superior en Programacion,20,8 Sachs Street
819,23629085,Maira Janet Diaz,Tecnico Superior en Programacion,24,492 Katie Trail
820,29326841,María Elina Valdez,Tecnico Superior en Programacion,23,2 Mallard Pass
821,23459525,Guadalupe Fugarolas Alvarez,Tecnico Superior en Programacion,14,1 Farmco Plaza
822,23838632,Carlos Ulises Moulines,Analista Universitario de Sistemas,4,9245 Kipling Center
823,21669028,Julian David Vallejos,Tecnico Superior en Programacion,16,67270 Carioca Alley
824,34359852,Santiago Agustín Moncalero,Tecnico Superior en Programacion,24,34737 Bunker Hill Center
825,29463180,José Antonio Muchutti,Tecnico Superior en Programacion,23,9 Spaight Way
826,36827832,Edgardo Jesús Gamboa,Tecnico Superior en Programacion,21,77 Stone Corner Avenue
827,29839663,Aida Vazquez,Tecnico Superior en Programacion,29,461 Dottie Pass
828,26211549,Cecilia Aymará Samudio,Ingeniero en Sistemas de Informacion,1,6 Dapin Alley
829,16904301,Cor Vink,Tecnico Superior en Programacion,6,91 Dovetail Center
830,39126269,María Laura Ciolli,Tecnico Superior en Programacion,0,2266 Laurel Terrace
831,26208064,Raven Garvey,Tecnico Superior en Programacion,7,44984 Rusk Road
832,16707729,Giselda De Stefano,Tecnico Superior en Programacion,5,655 Moose Lane
833,29923654,Federico Lucio Serra,Analista Universitario de Sistemas,17,4956 Clarendon Trail
834,32290265,Luis Miguel Peris Viñé,Analista Universitario de Sistemas,27,0 Hagan Lane
835,20742102,Mariana Herrera,Tecnico Superior en Programacion,13,961 Pepper Wood Road
836,19008052,Germán Martín Concilio,Tecnico Superior en Programacion,2,143 Vernon Lane
837,27469428,Marcela Miodosky,Tecnico Superior en Programacion,28,41199 Vahlen Way
838,27252857,Carolina Rodriguez Ross,Tecnico Superior en Programacion,27,73830 High Crossing Plaza
839,20745613,Gabriela Acosta,Tecnico Superior en Programacion,1,9 Northport Road
840,23944570,Inés Haydeé Tonelli,Ingeniero en Sistemas de Informacion,19,2 Independence Pass
841,29535700,Greta Duyos,Tecnico Superior en Programacion,0,7344 Grover Junction
842,31081127,Graciela Dominga Cutuli,Tecnico Superior en Programacion,25,5723 Dunning Crossing
843,22337397,María Elena Ferrada,Tecnico Superior en Programacion,4,6975 Bluejay Avenue
844,36356812,Alfonso Daniel Buch Canova,Tecnico Superior en Programacion,27,785 Dwight Alley
845,34091871,Michael Sorice,Tecnico Superior en Programacion,9,5 Division Avenue
846,33525135,Paula Gabriela Di Marzo,Analista Universitario de Sistemas,21,9282 Grover Hill
847,32379641,Germán Álvaro Carmelini González,Tecnico Superior en Programacion,23,339 Texas Place
848,21547826,Martin Gaite,Tecnico Superior en Programacion,21,8135 Toban Street
849,32258619,Emir Angel Gonzalez Monteverde,Tecnico Superior en Programacion,16,48165 Pankratz Circle
850,18921096,Juan Pablo Millán,Analista Universitario de Sistemas,15,76 Laurel Parkway
851,27299195,Cecilia Alejandra Lestani,Tecnico Superior en Programacion,12,50473 Del Mar Court
852,33134209,Leonel Lautaro Laumann,Ingeniero en Sistemas de Informacion,26,973 Manufacturers Court
853,39820273,M Julian Malachane,Tecnico Superior en Programacion,23,2092 Lillian Terrace
854,18250317,Adriana Patricia Santiago,Tecnico Superior en Programacion,7,3 Bluejay Drive
855,33304505,Diego Odetto,Tecnico Superior en Programacion,2,3829 Artisan Road
856,19708850,Marisa Espinoza,Tecnico Superior en Programacion,14,9 Graceland Center
857,29880009,Agustina Montoya,Tecnico Superior en Programacion,9,2410 Longview Drive
858,28350633,Katherine Amato,Analista Universitario de Sistemas,27,538 Burrows Alley
859,35888513,Juan Oscar Bagorri,Tecnico Superior en Programacion,13,08114 Straubel Hill
860,20809718,Juan Pablo Baez,Tecnico Superior en Programacion,27,4883 Superior Plaza
861,39628209,Micaela Di Bella,Tecnico Superior en Programacion,20,13 Arapahoe Way
862,29956762,María Cecilia Soteras,Tecnico Superior en Programacion,12,9546 Hagan Park
863,19089821,Marisa Claudia Vich,Tecnico Superior en Programacion,10,247 David Alley
864,23077406,Anahi Jael Miner Vega,Ingeniero en Sistemas de Informacion,6,59 Dayton Point
865,24977662,Patricia Soledad Gamonal,Tecnico Superior en Programacion,3,17 Ryan Street
866,36904695,Peter Hammond,Tecnico Superior en Programacion,0,2 Sunnyside Pass
867,39860728,Juan Manuel Jaramillo Uribe,Analista Universitario de Sistemas,15,916 Nova Way
868,21349046,Sheila Sarai Castro Ramirez,Tecnico Superior en Programacion,17,082 Stone Corner Way
869,22633839,Ivana Marcela Orozco Santander,Tecnico Superior en Programacion,18,76428 Hudson Park
870,30419170,Franco Agustin Sviercz,Ingeniero en Sistemas de Informacion,19,05 Sutteridge Place
871,36345371,Andrea Soledad Herrera,Tecnico Superior en Programacion,26,1788 Oak Place
872,30982212,Maria Cecilia Riggi,Tecnico Superior en Programacion,2,71727 Delladonna Road
873,28326080,Cristian Andrés Puebla Fortunato,Tecnico Superior en Programacion,0,00 Porter Plaza
874,35495793,Alejandro Tomas Bermejo,Tecnico Superior en Programacion,7,79 Killdeer Place
875,21166903,Maximiliano Maldonado,Tecnico Superior en Programacion,7,207 Graedel Junction
876,32136272,Pablo Valladares Faundez,Ingeniero en Sistemas de Informacion,8,614 Claremont Center
877,21274671,María Eugenia Amarillo,Tecnico Superior en Programacion,13,60315 Jackson Park
878,26172366,Sandra Elena Murriello,Tecnico Superior en Programacion,20,95357 Barby Lane
879,26947017,Sergio Carabajal,Tecnico Superior en Programacion,24,3067 Emmet Circle
880,36496114,Daniel Alejandro Gil,Tecnico Superior en Programacion,9,95263 Sundown Junction
881,22041928,Luis María Chiappe,Tecnico Superior en Programacion,26,05 Hudson Street
882,18796646,Maria Cerrotta,Analista Universitario de Sistemas,21,469 Moose Circle
883,24231367,Beatriz Moiraghi,Tecnico Superior en Programacion,25,65221 Dahle Trail
884,39470488,Dario Leonel Escudero,Analista Universitario de Sistemas,18,62082 Hudson Alley
885,26565914,Matias Daniel Fabbro,Tecnico Superior en Programacion,24,778 Coolidge Avenue
886,15151325,Melisa Belen Rosa Manzano,Tecnico Superior en Programacion,20,7157 Rusk Avenue
887,36440163,Pablo Agustín Marinozi,Tecnico Superior en Programacion,4,309 Donald Point
888,24643306,Laura Ormaechea,Ingeniero en Sistemas de Informacion,22,0044 Lakeland Road
889,19569815,Pedro Valentin Sarsotti,Tecnico Superior en Programacion,13,610 Becker Hill
890,17560012,Gabriel Fernandez Escobar,Tecnico Superior en Programacion,19,8 Mesta Parkway
891,29673534,German Astorgano,Tecnico Superior en Programacion,16,71679 Holy Cross Crossing
892,31285804,Sofia Martina Polenta,Tecnico Superior en Programacion,0,5001 Di Loreto Park
893,37184061,Luis Mesquin,Tecnico Superior en Programacion,7,878 Nevada Drive
894,22180475,Juliana Esteche,Analista Universitario de Sistemas,26,805 Sunnyside Parkway
895,15083888,Sheila Anabel Anci Araniti,Tecnico Superior en Programacion,15,25 Rieder Terrace
896,38388527,Leonid Pourovskii,Tecnico Superior en Programacion,7,0 Aberg Road
897,25396400,Anthony Herrel,Tecnico Superior en Programacion,17,23900 Sullivan Pass
898,34037569,Roxana Elizabeth Katsini Barbosa,Tecnico Superior en Programacion,15,24 Thackeray Pass
899,20775058,Patricia Alves,Tecnico Superior en Programacion,10,15217 Scofield Drive
900,30675808,Vanessa Ivana Monfrinotti Lescura,Ingeniero en Sistemas de Informacion,17,60746 Milwaukee Place
901,34547459,Raul Mostoslavsky,Analista Universitario de Sistemas,2,869 Scott Crossing
902,26517234,Sofia Torallas Tovar,Tecnico Superior en Programacion,1,85 Twin Pines Park
903,31876373,Debora Puglia,Tecnico Superior en Programacion,3,786 Summerview Drive
904,21368027,Leonel Eduardo Corra,Tecnico Superior en Programacion,22,1 8th Avenue
905,28793466,Laura Silvina Granda,Tecnico Superior en Programacion,16,68 Grover Way
906,39808887,Karina Nair Reinoso,Analista Universitario de Sistemas,5,2054 Fairview Way
907,29838072,Mariano Falconi,Tecnico Superior en Programacion,22,93 Shelley Pass
908,27659000,Yanel Daiana Kondratiuk,Tecnico Superior en Programacion,23,62557 Sachtjen Park
909,24507056,Irma Sabrina Leonor Rua,Tecnico Superior en Programacion,2,4 Monterey Hill
910,15409070,Hernan Javier Dopazo,Tecnico Superior en Programacion,19,7 Anhalt Junction
911,33820735,Rodrigo Vela,Tecnico Superior en Programacion,8,57 Eastwood Avenue
912,37086484,David Emmanuel Navarro,Ingeniero en Sistemas de Informacion,27,935 2nd Hill
913,39760537,Maria De Los Angeles Macari,Tecnico Superior en Programacion,15,387 Butterfield Crossing
914,23885724,Roman Ignacio Diaz,Tecnico Superior en Programacion,9,0 Thierer Parkway
915,37519286,Ada María Tata,Tecnico Superior en Programacion,8,5 Westend Parkway
916,38607004,Maria Laura Boserup,Tecnico Superior en Programacion,9,38361 6th Center
917,33000946,Ricardo Garcia Monaco,Tecnico Superior en Programacion,21,2536 Oakridge Road
918,16933159,Adriana Silvia Perez,Analista Universitario de Sistemas,3,2114 Arkansas Pass
919,39672521,María Eugenia Ortiz,Tecnico Superior en Programacion,2,65 Caliangt Hill
920,35676825,Lorena Gomez Hebe,Tecnico Superior en Programacion,21,12 Eggendart Lane
921,21077918,Carolina Giudice,Tecnico Superior en Programacion,24,1441 South Lane
922,37783427,Liliana Llanos,Tecnico Superior en Programacion,0,1468 Coolidge Street
923,35285147,Sabrina Paula Abran,Tecnico Superior en Programacion,2,543 Utah Center
924,33169151,Ana Luz Porzecanski,Ingeniero en Sistemas de Informacion,27,17375 Duke Place
925,34884522,Diego Enrique Martinez,Tecnico Superior en Programacion,1,02135 Muir Center
926,33528091,Victoria Vazquez,Tecnico Superior en Programacion,6,72820 Westerfield Place
927,17678530,Manuel Enrique Javier Batista,Tecnico Superior en Programacion,28,83888 Hoepker Court
928,23514758,Jorge Marcelo Gonzalez Aravena,Ingeniero en Sistemas de Informacion,5,43 Manufacturers Place
929,22228920,Siria Maria Amatte,Tecnico Superior en Programacion,19,695 Vermont Trail
930,32461779,María Liliana Aráoz,Analista Universitario de Sistemas,27,10 Fordem Lane
931,24485473,Henry Power Meneses,Tecnico Superior en Programacion,28,3 Marquette Way
932,35235498,Stefan Tullius,Tecnico Superior en Programacion,19,4438 Butterfield Court
933,22349140,Gabriela Andrea Cardozo,Tecnico Superior en Programacion,9,19373 Ruskin Alley
934,36149995,Isabel La Rosa,Tecnico Superior en Programacion,13,71892 Lawn Parkway
935,37912666,Alejandra Allievi,Analista Universitario de Sistemas,2,98 Meadow Vale Alley
936,19480175,Santiago Rando,Ingeniero en Sistemas de Informacion,15,010 Green Park
937,33596955,Maria Jose Tulli,Tecnico Superior en Programacion,16,647 Harbort Place
938,25556866,Yanina Alejandra Fuchs,Tecnico Superior en Programacion,10,5 Mitchell Center
939,36711947,María Paula Guinter Del Rosso,Tecnico Superior en Programacion,27,49132 Hooker Terrace
940,35702412,Jessica Karen Torrico Wimer,Tecnico Superior en Programacion,6,45 Harbort Pass
941,20650312,León Valdivieso,Tecnico Superior en Programacion,16,6 Oakridge Lane
942,38119576,Guillermo Pablo Garcia Della Costa,Analista Universitario de Sistemas,6,44855 Kipling Circle
943,17913715,Maria  Florencia Brandt,Tecnico Superior en Programacion,6,2718 Superior Drive
944,25823354,Daniela Fernanda Abraham,Tecnico Superior en Programacion,8,366 Brown Street
945,38750289,Monica Adriana Maurin,Tecnico Superior en Programacion,16,962 Moulton Alley
946,37791677,Hector Alfredo Muramatsu,Tecnico Superior en Programacion,6,03582 Sachtjen Hill
947,36140190,Maria Ines Rodriguez,Tecnico Superior en Programacion,7,2703 Rigney Center
948,36260653,Bárbara Paz Jerez,Ingeniero en Sistemas de Informacion,9,27235 Superior Crossing
949,15723658,Diana Maria Betancourth Giraldo,Tecnico Superior en Programacion,11,55 Hooker Crossing
950,16852386,Sandra Gimenez,Tecnico Superior en Programacion,0,5645 Arizona Way
951,32987820,Michele Zampilli,Tecnico Superior en Programacion,1,30 Macpherson Place
952,26287026,Betiana Noemi Marcaida,Analista Universitario de Sistemas,0,59337 Pennsylvania Crossing
953,19048498,Tim Sparwasser,Tecnico Superior en Programacion,0,4584 Prairieview Street
954,30614615,Alejandro Gabriel Sarmiento,Analista Universitario de Sistemas,11,75 Schiller Alley
955,36938496,Silvina Gabriela Rodriguez,Tecnico Superior en Programacion,16,3 Golf View Street
956,24776011,George Smith,Tecnico Superior en Programacion,26,742 Reinke Terrace
957,31857558,Maria Florencia Sánchez Aquino,Tecnico Superior en Programacion,29,12363 Merrick Avenue
958,32054475,Enzo Morillo,Tecnico Superior en Programacion,4,146 Farwell Point
959,37019472,Agustin Enrique Cid,Tecnico Superior en Programacion,5,9 Paget Court
960,23047486,Eva Gregorova,Ingeniero en Sistemas de Informacion,2,84445 Corben Plaza
961,24515757,Mariano Agustín Vidal,Tecnico Superior en Programacion,21,15 Doe Crossing Place
962,29406240,Ana Belen Arias,Tecnico Superior en Programacion,12,645 Kensington Pass
963,37870130,Nelson Eduardo Sandoval,Tecnico Superior en Programacion,20,64 Myrtle Circle
964,30201557,Johanna Castro,Tecnico Superior en Programacion,13,01255 Jenna Trail
965,15441738,Patricio Odonnell,Tecnico Superior en Programacion,21,96125 Village Green Pass
966,32743165,Diego Sebastian Argañaraz Fochi,Analista Universitario de Sistemas,28,243 Corben Point
967,38881336,Ezequiel Arturo Fernández,Tecnico Superior en Programacion,5,1582 Caliangt Park
968,34932148,Allen Norrbom,Tecnico Superior en Programacion,27,99815 Ridgeway Hill
969,35337293,Maria Laura Alberti,Analista Universitario de Sistemas,3,350 Ramsey Way
970,29659817,Iván Da Costa Marques,Tecnico Superior en Programacion,14,94402 Village Circle
971,32358395,Agostina Scalia Rodriguez,Tecnico Superior en Programacion,11,61853 Delaware Crossing
972,15026741,Katsushi Tokunaga,Ingeniero en Sistemas de Informacion,6,05 Eliot Plaza
973,38603762,Martín Andrés Aranda,Tecnico Superior en Programacion,2,96354 Dexter Circle
974,21903316,Harold Scheraga,Tecnico Superior en Programacion,6,29220 Pennsylvania Way
975,37084274,Carlos Alberto Galante,Tecnico Superior en Programacion,15,9 Larry Drive
976,32775218,Alicia Bernasconi,Tecnico Superior en Programacion,9,978 Heath Drive
977,18970410,Francisco Emiliano Peper,Tecnico Superior en Programacion,26,54415 Anzinger Pass
978,27565129,Maria Alicia Medina,Analista Universitario de Sistemas,16,8 Kinsman Road
979,31880037,Maximiliano Emanuel Herrlein,Tecnico Superior en Programacion,19,8 Ridgeway Alley
980,38647299,Carlos Benzo,Tecnico Superior en Programacion,5,82699 Roth Pass
981,17374122,Reinhardt Pinzón,Tecnico Superior en Programacion,12,6489 Merrick Alley
982,27847087,Zulay Egilda Franco De Borjas,Tecnico Superior en Programacion,1,3 Vera Avenue
983,39637243,Federico Daniel Benitez Conte,Tecnico Superior en Programacion,22,0 Harper Place
984,35189599,Nils Christian Gassen,Ingeniero en Sistemas de Informacion,5,1 Homewood Hill
985,26323077,Carolina Beatriz Romero,Tecnico Superior en Programacion,1,93 Everett Pass
986,22414595,Miguel Tejedo,Ingeniero en Sistemas de Informacion,7,5 Morning Center
987,18243504,Patricia Alejandra Garces Gallardo,Tecnico Superior en Programacion,25,621 Parkside Plaza
988,37473765,Fernando Berenguer,Tecnico Superior en Programacion,12,041 Meadow Ridge Lane
989,18689454,Dora Vega,Tecnico Superior en Programacion,13,92 Clyde Gallagher Place
990,20010796,Marcelo Alfredo Reguero,Analista Universitario de Sistemas,16,16 Di Loreto Circle
991,36923116,Marcela Alejandra Sepãºlveda Retamal,Tecnico Superior en Programacion,14,60536 Express Drive
992,23910538,Adriana Lourdes Gaite,Tecnico Superior en Programacion,19,2140 Burrows Drive
993,36639614,Tomás Atilio Sandor,Tecnico Superior en Programacion,6,831 Dapin Alley
994,29672210,Yolanda  María Guadalupe Piñanez Espejo,Tecnico Superior en Programacion,11,4 Sloan Road
995,26338017,Christian Griesimger,Tecnico Superior en Programacion,9,56377 Erie Trail
996,21759465,Alberto César Garlepp,Ingeniero en Sistemas de Informacion,29,4294 Atwood Circle
997,38016715,Claudia Mariana Dirie,Tecnico Superior en Programacion,26,5588 Sunfield Center
998,21060883,Marcos Savaro,Tecnico Superior en Programacion,22,45641 Lotheville Trail
999,22030613,Jeronimo Andres Auzmendi,Tecnico Superior en Programacion,24,53430 Anthes Parkway
1000,39923610,Laura Daniela Martinez Ruiz,Tecnico Superior en Programacion,0,197 David Center
