cod_emple,lenguaje
1,Java
2,C
3,Java
4,Java
5,PHP
7,C
8,C#
9,Python
10,C
11,JavaScript
13,Java
14,Java
15,Java
16,C++
19,Swift
20,Visual Basic
21,Visual Basic.NET
22,C
23,Matlab
25,Java
26,Perl
27,C
28,Java
29,C#
31,Java
32,C++
33,Python
35,Java
37,Visual Basic.NET
38,Perl
39,C
40,Python
41,Python
43,Java
44,C
45,C
46,Java
47,Java
49,C++
50,R
52,Java
53,Java
55,Python
56,Go
57,C
59,Python
61,C
62,C
63,C
64,JavaScript
65,C++
67,Java
69,Swift
70,Python
71,Java
73,Python
74,Swift
75,Python
76,JavaScript
77,Java
79,C++
80,C
81,Java
82,Java
83,PHP
86,C++
87,Python
88,Java
89,Java
91,PHP
92,Swift
93,Java
94,C++
95,C#
97,Ruby
98,Java
99,C++
100,Java
101,C++
103,Visual Basic.NET
104,Python
105,Java
106,C++
107,Visual Basic.NET
109,C#
110,PHP
111,C
112,C++
113,Java
115,C
117,Visual Basic
118,C
121,PHP
122,Java
123,C
124,C
125,C
127,Visual Basic.NET
128,PHP
129,PHP
130,C
131,Java
133,Python
134,Java
135,Java
137,C
139,C
140,Ruby
141,C
142,C
143,C
145,C++
146,C
147,Python
148,SQL
149,C
151,C
152,C++
154,C#
155,Python
157,C#
158,C
159,C++
160,Perl
161,C
163,C++
164,PHP
165,Go
166,Visual Basic.NET
167,Python
169,Java
171,Swift
172,JavaScript
173,Swift
175,Java
176,Scratch
177,Java
178,C
179,Java
181,Java
182,SQL
183,Visual Basic
184,Go
185,Perl
188,R
189,C
190,Java
191,Java
193,R
194,C
195,Java
196,Java
197,C
199,Visual Basic.NET
200,Swift
201,Java
202,C
203,C++
205,C
206,C#
207,C
208,C
209,C
211,Python
212,Python
213,Java
214,C#
215,Visual Basic
217,Java
218,Python
219,C++
220,Visual Basic.NET
223,JavaScript
224,C
225,Java
226,Java
227,Java
229,C++
230,C
231,Python
233,Java
235,PHP
236,Visual Basic.NET
237,Python
239,C
241,Java
242,C
243,Visual Basic.NET
244,Java
245,Python
247,Java
248,Java
249,Python
250,Java
251,Java
253,C
254,C
256,Java
257,R
259,Java
260,Java
261,Matlab
262,Visual Basic.NET
263,C
265,C
266,C#
267,C#
268,Java
269,C#
271,Python
273,Matlab
274,Visual Basic.NET
275,Ruby
277,C
278,Go
279,Python
280,Python
281,Ruby
283,Java
284,Python
285,C
286,Python
287,C
291,Java
292,C++
293,Java
295,Java
296,C
297,SQL
298,C#
299,C
301,Java
302,C++
303,Java
304,Java
305,Python
307,C
308,Java
309,C
310,PHP
311,C++
313,C
314,Assembler
315,C
316,Java
317,C
319,Scratch
320,Java
321,C++
322,Python
325,C
326,R
327,JavaScript
328,Visual Basic.NET
329,Objetive-C
331,PHP
332,C
333,C++
334,Java
335,Java
337,Visual Basic.NET
338,C
339,Visual Basic.NET
341,C
343,C++
344,Java
345,Java
346,Java
347,Java
349,C++
350,Java
351,C
352,C
353,Visual Basic.NET
355,Python
356,C++
358,JavaScript
359,C
361,C
362,Java
363,Java
364,Java
365,C++
367,Objetive-C
368,C
369,Perl
370,C#
371,Python
373,C++
375,C++
376,C
377,Java
379,PHP
380,Assembler
381,C#
382,Perl
383,C++
385,Python
386,Swift
387,C
388,R
389,C#
392,Perl
393,C#
394,Go
395,C
397,Java
398,SQL
399,Java
400,R
401,PHP
403,Objetive-C
404,C++
405,Java
407,Java
409,C++
410,Java
411,C++
412,C
413,C#
415,Visual Basic.NET
416,Objetive-C
417,Java
418,Assembler
419,Visual Basic.NET
421,C
422,Java
423,C++
424,C
427,Java
428,Python
429,C
430,C
431,Visual Basic.NET
433,Perl
434,C
435,PHP
436,Java
437,C#
439,Python
440,Java
441,Python
443,C
445,Python
446,PHP
447,C#
448,Visual Basic.NET
449,Java
451,C
452,Go
453,C
454,C
455,C#
457,Visual Basic.NET
458,Java
460,Python
461,Perl
463,C
465,Java
466,Visual Basic.NET
467,C
469,Visual Basic.NET
470,C
471,C++
472,Swift
473,Visual Basic.NET
475,C
477,SQL
478,JavaScript
479,C
481,Java
482,Java
483,C#
484,C#
485,Java
487,Go
488,Java
489,Matlab
490,JavaScript
491,C++
494,Java
495,Java
496,R
497,C#
499,C
500,Java
501,Python
502,Java
503,Java
505,C
506,C
507,C#
508,Visual Basic.NET
509,Java
511,C#
512,Python
513,C#
514,C++
515,C
517,Visual Basic.NET
518,SQL
519,Java
520,Java
521,JavaScript
523,Scratch
524,C#
525,C
526,Visual Basic
529,C++
530,Perl
531,R
532,PHP
533,C
535,SQL
536,Matlab
537,Visual Basic
538,Java
539,JavaScript
541,Objetive-C
542,SQL
543,Python
545,C
547,C++
548,Java
549,C
550,Java
551,Python
553,Java
554,C
555,Python
556,PHP
557,Visual Basic
559,Ruby
560,Visual Basic.NET
562,Visual Basic
563,R
565,Java
566,R
567,R
568,PHP
569,C++
571,C
572,JavaScript
573,PHP
574,Python
575,Java
577,Java
579,C#
581,Go
583,C
584,PHP
585,C
586,Java
587,SQL
589,Ruby
590,Python
591,JavaScript
592,Java
593,C
596,C
597,Visual Basic.NET
598,C
599,Visual Basic.NET
601,C#
602,C++
603,C
604,C
605,SQL
607,C
608,C
609,Java
610,Visual Basic.NET
611,Python
613,C
614,C++
615,Visual Basic.NET
616,Java
617,Java
619,Visual Basic.NET
620,C
621,C
622,C
623,Java
625,C
626,Perl
627,Swift
628,JavaScript
631,Java
632,Java
633,C
634,Go
635,Assembler
637,R
639,Java
640,C++
641,Java
643,C
644,C
645,C++
647,C
649,Matlab
650,Visual Basic
651,C
652,SQL
653,Java
655,Ruby
656,Java
657,Swift
658,PHP
659,C
661,C++
662,C++
664,C
665,C#
667,C
668,C
669,Assembler
670,C
671,C++
673,C
674,Java
675,Java
676,Java
677,Visual Basic.NET
679,Swift
681,C
682,JavaScript
683,C
685,C
686,C++
687,Java
688,Visual Basic
689,JavaScript
691,C
692,JavaScript
693,JavaScript
694,C
695,C#
698,C++
699,JavaScript
700,Java
701,C#
703,Python
704,Visual Basic.NET
705,C#
706,Python
707,Visual Basic.NET
709,Java
710,Visual Basic.NET
711,C
712,C
713,C
715,JavaScript
716,Visual Basic
717,Visual Basic.NET
718,Java
719,C
721,C
722,Java
723,Go
724,C
725,Python
727,Python
728,Visual Basic
729,C
730,JavaScript
733,Java
734,C
735,PHP
736,C
737,C
739,Java
740,Python
741,Python
742,C#
743,Python
745,C
746,Swift
747,C#
749,Visual Basic
751,C
752,Java
753,Python
755,C#
757,C
758,C++
759,Java
760,C
761,C
763,Java
764,Java
766,Java
767,C++
769,C
770,SQL
771,C++
772,C++
773,Visual Basic.NET
775,C#
776,Python
777,C
778,Python
779,C#
781,Python
783,C#
784,Python
785,Visual Basic.NET
787,C
788,C#
789,Java
790,C
791,PHP
793,C#
794,Python
795,JavaScript
796,Java
797,Java
800,C
801,JavaScript
802,Scratch
803,Visual Basic.NET
805,Python
806,Java
807,Visual Basic.NET
808,Assembler
809,Python
811,C
813,C
814,Python
815,Python
817,Swift
818,Java
819,JavaScript
820,PHP
821,Java
823,SQL
824,SQL
825,C++
826,C
827,C
829,C
830,JavaScript
831,Python
832,Java
835,Matlab
836,Java
837,C
838,C++
839,Java
841,Python
842,JavaScript
843,R
844,C#
845,Visual Basic.NET
847,Java
848,C
849,C++
851,Python
853,C
854,C
855,PHP
856,C++
857,C
859,Visual Basic.NET
860,C
861,Java
862,Visual Basic.NET
863,Java
865,C
866,JavaScript
868,C++
869,Java
871,PHP
872,Java
873,Java
874,C
875,Java
877,C
878,C++
879,Java
880,Python
881,Java
883,Python
885,PHP
886,C
887,Java
889,Python
890,Java
891,PHP
892,Python
893,Java
895,C++
896,C
897,Java
898,C
899,Java
902,C
903,C++
904,C#
905,Java
907,C
908,C++
909,C
910,Java
911,Java
913,Java
914,Python
915,Java
916,Objetive-C
917,C
919,C
920,C++
921,C++
922,Java
923,C
925,Swift
926,C
927,Python
929,Java
931,C#
932,Java
933,Java
934,C
937,Visual Basic.NET
938,C
939,Visual Basic.NET
940,Python
941,Java
943,C
944,C++
945,Python
946,C
947,C
949,Visual Basic
950,C
951,Python
953,Python
955,C#
956,C++
957,C
958,C
959,C
961,Visual Basic.NET
962,Java
963,C#
964,Python
965,Java
967,Python
968,Matlab
970,Java
971,Java
973,C#
974,Java
975,C
976,Python
977,PHP
979,Python
980,Perl
981,Java
982,C
983,Java
985,Python
987,Java
988,C#
989,C
991,PHP
992,C
993,C
994,C
995,Python
997,C++
998,Java
999,Python
1000,Python
